subj_idx,context,GroupCount,mean_FC3,mean_FC1,mean_C3,mean_CP3,mean_P1,mean_P3,mean_P5,mean_Pz,mean_Con1,mean_Con2,mean_Con3
100501,FF,3,23.85134824,16.95657635,1.9104743,17.27808952,-2.949573358,-1.727955222,-0.350250483,-3.690376361,-1,-1,1
100501,FO,3,26.567578,22.79455598,15.54041974,117.7086544,11.63617934,12.88032236,13.88227852,7.114834335,-1,1,-1
100501,OF,3,24.6987222,-18.73195553,14.56964795,43.93112119,8.606368648,10.2154898,10.56192962,7.417209493,1,-1,-1
100501,OO,3,32.13737424,24.16589133,17.50331672,108.6250617,13.81807682,10.43657884,9.788487037,12.84719862,1,1,1
101510,FF,3,22.16647853,24.309698,14.85429615,14.72861687,7.727411429,7.956871563,7.577139828,7.132020632,-1,-1,1
101510,FO,3,-3.542950471,-1.143701235,-2.688473384,-3.311298529,-5.199907462,-4.621753375,10.02181146,9.728803953,-1,1,-1
101510,OF,3,16.2279599,15.48599699,-1.580040614,14.5741814,14.25375319,8.178550402,7.475507975,14.58069897,1,-1,-1
101510,OO,3,13.97139989,11.67848916,39.26181687,8.312452475,9.39900287,9.01641708,9.41904415,10.92207559,1,1,1
104521,FF,3,194.7892914,166.7928967,344.3501854,174.939045,176.0323573,140.0560362,121.164399,229.9184776,-1,-1,1
104521,FO,3,95.91552226,-92.11270396,151.4880714,102.7457263,-104.4687646,-68.05069733,-48.99350739,-149.3801365,-1,1,-1
104521,OF,3,195.6552378,199.0229399,132.6308835,178.8237623,210.7739883,167.373163,147.352406,266.0880023,1,-1,-1
104521,OO,3,-76.61008708,-74.46813202,-83.41608556,-80.85148493,-105.1618697,-81.2934494,-56.80840302,-148.4494826,1,1,1
105530,FF,3,87.69169786,87.24185138,87.01099692,96.00539356,16.67200089,6.291545868,0.826388041,20.39472834,-1,-1,1
105530,FO,3,96.44615343,92.95040343,96.70668581,107.7886475,104.1121364,106.1159672,129.7121692,102.945385,-1,1,-1
105530,OF,3,200.9290297,89.77609719,96.19065899,213.6677123,90.5050248,218.0835872,349.9886449,92.70358912,1,-1,-1
105530,OO,3,-20.19066874,-18.199042,-18.71208572,-21.8434995,-25.71875636,-20.94239171,-17.12658437,84.52427292,1,1,1
106531,FF,3,23.31431961,13.78229417,11.89921252,19.74559625,20.67418586,19.24697993,18.97282102,11.54354302,-1,-1,1
106531,FO,3,4.238850911,11.13766946,10.64501508,9.873684883,12.59904628,8.504447407,9.823135906,10.33446836,-1,1,-1
106531,OF,3,27.60527929,29.81530868,19.85620689,-5.403798103,-6.72180748,-5.485055606,-5.575668653,-4.440075715,1,-1,-1
106531,OO,3,-3.825960795,-6.892611821,-6.152395884,5.679671923,4.58782853,18.20637502,19.3193939,18.26084375,1,1,1
107540,FF,3,23.41906357,26.25237396,22.23673312,23.82442798,22.52756272,21.98126115,22.98899661,24.71851926,-1,-1,1
107540,FO,3,-1.414989471,-3.254421393,-3.042173386,-4.19311444,-2.823594888,-2.342209498,-4.390551567,-4.256692727,-1,1,-1
107540,OF,3,28.52786255,10.37538385,27.87991397,12.52017037,6.513907909,1.897059759,8.172322273,23.21311002,1,-1,-1
107540,OO,3,50.6863149,54.19865296,54.67690722,74.10653098,71.40932004,59.41124323,73.07311026,72.40685447,1,1,1
109551,FF,3,32.31344626,7.248588244,6.708602269,10.18549728,5.106992245,20.24860006,22.7372179,3.360202948,-1,-1,1
109551,FO,3,-20.86917941,19.56993008,22.71457481,22.14498605,5.984444141,-8.150789738,7.904096921,-8.19603459,-1,1,-1
109551,OF,3,38.89283011,39.09286785,42.69682121,37.11333932,30.82006629,33.05698273,44.71906058,47.87701284,1,-1,-1
109551,OO,3,53.93371561,42.13071791,48.64402199,36.63375897,5.019337177,3.817203575,66.33457279,35.91032277,1,1,1
114570,FF,3,98.3689696,114.2975119,156.593303,100.5675038,69.75125578,76.18517547,78.70813857,72.06708749,-1,-1,1
114570,FO,3,114.8639749,22.36727534,122.9158166,111.6883077,6.654790772,10.30307017,2.365200255,2.837499301,-1,1,-1
114570,OF,3,103.5033538,-17.56018925,100.5114384,79.14547835,-6.445906003,67.70046245,74.63666683,13.5530297,1,-1,-1
114570,OO,3,160.1808046,113.7607179,80.12582334,55.70058801,17.45632076,22.18881257,46.39333492,16.24074395,1,1,1
116580,FF,3,30.33380254,39.32928965,31.88468944,33.09387249,38.61718644,32.05675062,26.25897651,39.72715081,-1,-1,1
116580,FO,3,23.7607104,8.557538033,28.05636099,34.89642631,41.54219966,40.49043338,40.30923642,39.91101413,-1,1,-1
116580,OF,3,-20.43784205,-29.73022747,21.28370423,21.11681408,25.70203548,-32.45610619,-29.58402602,25.63733249,1,-1,-1
116580,OO,3,42.0507342,54.47049957,68.01934041,65.39412393,83.39077865,46.78775597,35.46889422,82.93312751,1,1,1
117591,FF,3,93.84928354,31.98294804,53.85806931,33.1926793,17.88407628,22.68865797,27.3925936,15.55448204,-1,-1,1
117591,FO,3,54.34047985,34.59110742,-11.11557325,2.38399442,5.924524466,3.758827209,3.28638649,5.212036451,-1,1,-1
117591,OF,3,-6.347362836,-7.477199078,-9.47134463,-14.27369754,-12.30444765,-16.32105255,21.78701931,-7.749908129,1,-1,-1
117591,OO,3,108.7302802,24.55475844,135.8229915,59.33913909,40.28682597,45.94935396,51.41983647,34.88276874,1,1,1
12061,FF,3,40.72436375,-26.9404014,48.29008261,56.28104125,37.8004889,51.48900721,88.7394229,32.9879979,-1,-1,1
12061,FO,3,-22.71485074,41.05250814,-20.62339687,-18.85530408,44.14615642,57.71428288,84.03223398,36.18403774,-1,1,-1
12061,OF,3,2.297867457,-4.488614082,25.95135276,27.71428405,2.721852938,-2.963978132,26.32843251,0.982622147,1,-1,-1
12061,OO,3,52.45684666,38.84378317,157.1827059,133.3032076,89.33648162,111.1609765,199.5559622,87.15007125,1,1,1
127640,FF,3,-134.7113578,-50.18266996,-94.08724976,-47.57030296,-19.91163127,-23.11476994,-17.8757445,-19.52196503,-1,-1,1
127640,FO,3,67.59878222,37.82077853,47.36701202,41.03331947,25.15356954,27.99915473,32.97275098,17.60580699,-1,1,-1
127640,OF,3,-34.46715143,67.3449103,-49.29432848,-21.38215235,61.02713055,67.73550532,80.60492431,103.8128535,1,-1,-1
127640,OO,3,-4.022339927,16.69172351,-10.8944948,4.774751239,-9.165224711,-13.01830641,-20.21983274,17.52515327,1,1,1
128641,FF,3,11.32573048,1.638204813,17.84285996,12.58282555,11.75925914,10.06858002,12.96000502,13.67649031,-1,-1,1
128641,FO,3,-1.897325357,12.69696101,-10.85718012,-8.880407969,-5.666766405,-6.223981778,-12.1636289,-3.232672532,-1,1,-1
128641,OF,3,1.538115978,7.171720584,0.340170701,4.970916748,2.310659488,1.600805362,14.35051748,11.44741456,1,-1,-1
128641,OO,3,6.437255065,15.90116556,31.89481476,23.70854039,11.5893894,13.15190509,-7.4461778,9.207104524,1,1,1
130651,FF,3,4.902024057,3.704812109,1.572629491,2.306073156,2.160088473,1.710906393,-1.455693702,1.872365673,-1,-1,1
130651,FO,3,3.892589675,2.247531156,1.29287223,3.939513081,4.35470381,4.927742276,1.767203656,-0.170052886,-1,1,-1
130651,OF,3,4.174600389,2.376760542,1.849319259,-0.546881775,-0.329138954,0.943087081,3.650102304,-0.56153659,1,-1,-1
130651,OO,3,1.281668663,-0.34562554,2.364376505,3.420961652,2.310501032,2.144534316,1.724541512,-1.226973891,1,1,1
13071,FF,3,66.60285229,68.43696467,70.68115701,72.74075317,72.75354089,65.89517381,60.45624012,72.36729855,-1,-1,1
13071,FO,3,110.4774505,100.4874967,108.1550848,100.6774953,93.21476322,100.5357683,105.8542962,100.2199597,-1,1,-1
13071,OF,3,77.65026644,63.90486526,65.01659605,66.96714783,62.36900414,66.41482205,68.44064564,58.99765184,1,-1,-1
13071,OO,3,-27.223924,-21.34371821,-36.78093847,-27.45571899,-22.37051137,-20.74688721,-20.44710096,-17.97927856,1,1,1
131660,FF,3,13.83148861,11.43188307,11.27375322,8.834909068,8.194888433,11.07698372,11.7920209,8.678804451,-1,-1,1
131660,FO,3,0.454562823,2.775277456,2.104336898,11.59696733,12.73366165,11.79032956,12.41931862,12.2269809,-1,1,-1
131660,OF,3,32.02203465,30.93342887,30.16987064,30.75999551,29.98309072,29.27513446,29.17711184,28.88357157,1,-1,-1
131660,OO,3,10.07668082,7.859413359,7.737206512,-14.69474204,6.644392014,4.977865802,4.764737553,5.58343829,1,1,1
132661,FF,3,83.05915239,32.31446245,-3.407700857,-9.830393791,-10.70330207,-11.23505211,36.500668,25.10107199,-1,-1,1
132661,FO,3,-9.372703552,30.74203406,58.76406394,31.05015977,31.98049874,29.73697895,-21.93089803,51.48274962,-1,1,-1
132661,OF,3,-3.461385091,-1.916221619,-10.10062281,-3.371991793,16.80773873,22.02020497,29.81249661,16.8431565,1,-1,-1
132661,OO,3,137.3890584,87.3769633,97.87891515,50.94277795,47.72970253,56.87530284,78.18698459,76.79901028,1,1,1
134670,FF,3,9.206400394,11.67006561,12.50066731,15.17879465,18.86336761,15.80258825,14.66800912,18.87009345,-1,-1,1
134670,FO,3,-2.242910862,-0.241908868,0.246484598,-0.861720403,3.858801206,14.46626419,13.70613702,2.868937174,-1,1,-1
134670,OF,3,23.91123788,25.30738317,26.96426418,25.9306808,17.83857844,15.8777683,15.65247822,35.74847878,1,-1,-1
134670,OO,3,14.38451687,29.32001236,-1.496668021,-1.866235733,-2.10621802,18.02349101,-1.582990964,18.17767376,1,1,1
138690,FF,3,16.21659131,37.97996404,15.0001083,23.46765667,79.36732112,10.80128193,3.138271014,92.97581959,-1,-1,1
138690,FO,3,-118.2906253,-59.07679971,-75.41391818,-58.21752357,-22.2417237,-30.01173178,-30.56268724,-12.26275349,-1,1,-1
138690,OF,3,-19.19069884,2.588033146,-13.63354852,-4.672375785,60.59496445,3.176045206,-0.463128938,36.49186802,1,-1,-1
138690,OO,3,14.21410158,11.89663961,6.52700954,6.721008513,16.73726389,11.99513064,8.916930623,17.10736815,1,1,1
139701,FF,3,34.48972225,32.85187901,36.71234057,38.99966462,44.28405518,46.88835716,90.64614995,40.78178861,-1,-1,1
139701,FO,3,-0.720630328,-1.846442858,-3.21542263,13.58879058,-6.626893679,-1.893643061,-2.137371063,-4.776096026,-1,1,-1
139701,OF,3,13.43704573,35.87381734,0.975215594,19.88428084,22.11881246,23.54576429,36.85238859,17.70382871,1,-1,-1
139701,OO,3,-1.363152504,2.363612175,-2.880763054,-2.462140083,0.932181994,-7.137643814,-12.31236649,22.33078437,1,1,1
14070,FF,3,28.56413889,6.244207223,2.934328715,-3.689231873,8.290315257,47.27948931,74.18117057,14.64735476,-1,-1,1
14070,FO,3,-0.43034188,0.152445634,52.55318409,35.20409987,11.7190351,-2.707174937,-11.28809738,4.679321607,-1,1,-1
14070,OF,3,-3.956333955,7.812443892,15.34765159,97.34907277,33.5777599,46.33677843,145.5311555,6.205115,1,-1,-1
14070,OO,3,-3.822459698,1.049972057,23.49280845,13.57406616,11.66932895,9.673734029,84.97756746,1.318272909,1,1,1
150751,FF,3,24.50884162,13.6312872,12.22398069,1.532358805,3.9093074,2.1153814,14.84454627,14.90992543,-1,-1,1
150751,FO,3,32.0311932,13.8288046,1.173006376,10.38317871,0.714460929,11.42594512,18.3149137,1.265237729,-1,1,-1
150751,OF,3,26.59544033,13.61987617,31.29242251,28.83100764,36.01057061,31.90306616,33.97370503,35.19068344,1,-1,-1
150751,OO,3,30.49294705,12.14923663,13.60084354,11.86613592,9.585802688,12.04317967,20.50685782,-0.335604429,1,1,1
15081,FF,3,84.88963996,81.72935189,85.06893794,82.42097855,84.12015745,81.31043371,85.36208174,84.22137154,-1,-1,1
15081,FO,3,51.78584968,54.65662342,52.616642,57.77417374,58.97909504,61.51489131,61.24281904,155.2092722,-1,1,-1
15081,OF,3,-40.67756653,-36.58097712,-41.60143407,-39.91227595,-40.99862798,-38.61768977,-41.32210032,-36.81339391,1,-1,-1
15081,OO,3,66.18354458,65.14814462,67.10963313,68.1605924,67.90340127,69.22993342,63.37834761,70.1501486,1,1,1
151760,FF,3,22.64912626,19.63284196,23.55316204,24.63599841,25.924701,26.89868493,28.7014264,22.13028791,-1,-1,1
151760,FO,3,17.89988073,16.63387489,18.74766922,20.93512535,15.6839846,21.5227073,39.85833804,13.4758908,-1,1,-1
151760,OF,3,41.56439675,40.22437435,45.64243105,43.83098539,43.38538673,43.66927158,40.2186434,44.87196424,1,-1,-1
151760,OO,3,-24.31617991,-21.71945127,-24.12170283,-26.85135333,-19.67250903,-25.98414135,-34.03935687,-19.56794262,1,1,1
153770,FF,3,-2.276798884,-3.54386123,18.75078551,-4.021233082,-6.213619391,-4.694637934,-3.393197536,-3.689290444,-1,-1,1
153770,FO,3,21.60901663,29.10574547,39.55261962,32.88489856,28.72030253,33.10537317,59.19723389,25.48732162,-1,1,-1
153770,OF,3,76.73224873,8.937230269,53.56395499,37.69679573,12.46800735,44.85720211,54.33407471,13.07294122,1,-1,-1
153770,OO,3,71.84285461,-0.306080977,23.55724049,2.687777996,15.65289301,3.351896286,28.48861308,9.713469585,1,1,1
160800,FF,3,-30.98714892,4.463038127,-22.78426361,8.512702306,31.21376292,32.80478223,38.78517723,59.51104228,-1,-1,1
160800,FO,3,-99.10938199,41.40113407,-85.22732544,-66.90314802,-56.77920532,115.0357452,128.0498519,17.36874135,-1,1,-1
160800,OF,3,-12.03680102,-33.17982737,-26.30918376,-33.51074537,-33.2054952,52.91261397,61.00832982,-26.3534139,1,-1,-1
160800,OO,3,49.04222128,63.88585493,55.85336728,62.42805545,88.10995399,101.6768203,113.2250686,155.9248505,1,1,1
16080,FF,3,34.84664239,30.97401471,26.14263874,26.27091895,22.32891401,23.45340178,26.9088423,26.1522132,-1,-1,1
16080,FO,3,66.92204624,48.14030499,62.85130268,22.45677694,15.6368173,19.74618403,18.8414561,16.95493317,-1,1,-1
16080,OF,3,110.1591916,103.1095424,24.3725836,98.62095473,33.70870527,39.79208077,41.34705692,98.65344323,1,-1,-1
16080,OO,3,53.17572615,18.372715,139.6280471,114.0699548,9.995800654,68.11429808,58.07554966,48.73745388,1,1,1
17091,FF,3,6.044294516,5.063370493,8.135884338,9.346347809,9.335829311,17.59103251,20.16671069,7.429024643,-1,-1,1
17091,FO,3,12.03293594,11.87301053,-2.102756023,14.31777191,7.725681199,7.180467129,-9.84831508,7.775881079,-1,1,-1
17091,OF,3,6.724157492,6.061687575,-3.111274242,6.681760152,17.19996972,7.810688814,11.56191587,16.08542479,1,-1,-1
17091,OO,3,-0.385812283,6.298095809,-1.063956102,-0.394412994,2.502607663,7.659813722,1.77362299,8.100237793,1,1,1
19101,FF,3,-15.60444895,-16.25293986,31.16611926,29.80366431,31.94410536,28.34668308,79.70600065,27.22617213,-1,-1,1
19101,FO,3,-0.929667155,-7.421653748,-1.23598671,-1.207305908,-1.186810811,0.324162801,1.570055008,-6.021315257,-1,1,-1
19101,OF,3,41.21428087,-6.515640259,44.74402809,-6.587542216,-8.417963664,42.37311639,-8.688522975,0.096759796,1,-1,-1
19101,OO,3,70.52964359,44.03507233,75.21323967,73.49005975,73.51763323,74.84484524,78.57599576,72.59883499,1,1,1
20100,FF,3,9.10102974,-1.809063435,4.446729528,0.319688956,-1.378956715,-1.266589443,-2.688885212,-1.085045139,-1,-1,1
20100,FO,3,3.561759975,3.74827634,4.888982005,4.699628459,6.423226383,4.863377902,16.82154184,15.21656491,-1,1,-1
20100,OF,3,17.58207319,9.785418775,8.754999664,8.379776266,8.645953841,7.630195949,1.797290325,7.753714787,1,-1,-1
20100,OO,3,0.713386615,-0.887714545,-0.187822104,-0.312288761,1.261708975,3.40673546,10.50226302,2.011674603,1,1,1
22110,FF,3,-2.385019223,0.41993161,2.970482032,0.455486695,0.493505398,4.807793114,2.311147147,0.174124281,-1,-1,1
22110,FO,3,1.977349997,9.428653651,6.726673179,1.569227033,1.901524517,10.96586723,2.349557016,1.580926855,-1,1,-1
22110,OF,3,-8.363116503,-2.429017822,-3.62034591,-3.372454882,-4.004137437,-2.452208757,-3.8858519,-1.993845741,1,-1,-1
22110,OO,3,4.72429045,3.825027214,11.20325655,10.76859811,4.385966274,13.62329311,16.18310951,9.814669331,1,1,1
23121,FF,3,77.40495046,57.17311117,57.13725058,59.16707177,57.49732569,59.50267845,57.55773682,56.42110443,-1,-1,1
23121,FO,3,-12.96165721,-12.99322828,-10.22033532,-13.26829497,-13.52781995,-12.92595069,-11.5232598,-15.3669459,-1,1,-1
23121,OF,3,46.25477091,-8.850545883,-15.84023126,24.20783668,-15.62879753,-13.97599697,21.32779683,-12.74268977,1,-1,-1
23121,OO,3,19.82691701,38.20888498,61.24496746,39.5132388,38.26792547,38.94671832,40.96512085,37.19784037,1,1,1
24120,FF,3,90.33231735,170.0674483,155.4500404,83.30154377,70.60682869,84.92649142,95.0159893,135.0473706,-1,-1,1
24120,FO,3,161.589166,-22.58553759,57.1264214,46.12988747,-35.07282321,-41.89430682,-39.94163958,-31.39875507,-1,1,-1
24120,OF,3,82.81814702,-20.22934914,118.2243014,2.619828542,-2.455729802,0.167666753,1.600248337,-1.562954903,1,-1,-1
24120,OO,3,-18.34037399,94.50764105,-17.60527356,-32.83814112,-33.32186953,-34.83461444,-36.73936399,-31.57451852,1,1,1
25130,FF,3,320.3846656,-14.8970267,-108.5245438,-121.4893799,-29.82117081,613.3468679,633.371137,-14.16978772,-1,-1,1
25130,FO,3,-27.11353048,-4.356631597,-30.66561635,-97.09655762,-65.42294693,329.7746531,348.8718847,-38.4659303,-1,1,-1
25130,OF,3,401.2649757,129.1192498,653.5346061,890.8750203,317.3926286,754.4060109,927.9388504,151.3606832,1,-1,-1
25130,OO,3,7.1725786,147.9480364,22.79154544,629.5571493,249.4339901,-85.27577209,-111.6207962,144.8091136,1,1,1
26131,FF,3,-3.532405297,4.089701997,13.75337651,9.293749796,1.814310696,1.9061696,2.233884599,1.441804237,-1,-1,1
26131,FO,3,10.13906815,3.830388731,-0.321025451,-0.814579924,2.469149417,-0.168567578,0.608546257,-0.480764588,-1,1,-1
26131,OF,3,-0.686522245,4.0752284,5.735894971,5.112310423,7.246349507,8.076740874,1.831654019,2.224776255,1,-1,-1
26131,OO,3,5.772557126,2.706854211,4.625227107,3.676510506,-1.257181048,2.216660208,-0.582446734,-0.604147633,1,1,1
27140,FF,3,5.774091217,2.265920401,3.123980429,2.805388874,5.742438462,7.06672087,1.564926426,1.640225199,-1,-1,1
27140,FO,3,10.13244616,6.472507291,8.064994587,1.826539305,6.774474449,7.118645257,-0.92151622,6.490934107,-1,1,-1
27140,OF,3,4.279124075,4.774900887,0.675617894,0.575926463,2.135073702,0.601390481,1.40741686,4.001752165,1,-1,-1
27140,OO,3,9.779481437,5.205155823,3.203235534,3.241740333,-2.605988781,-1.784551024,-3.806941311,2.485296832,1,1,1
28141,FF,3,21.39859295,22.75681549,21.69844257,23.22929674,10.75896502,11.16112804,10.30088218,10.60469453,-1,-1,1
28141,FO,3,20.08234564,14.70054489,16.67675728,-3.226802985,-4.4168938,30.86538304,18.44455481,16.51956987,-1,1,-1
28141,OF,3,25.35098934,21.8215687,25.67853366,22.35607311,23.35873514,24.44214386,28.15733226,21.9212842,1,-1,-1
28141,OO,3,25.76316738,-5.532525698,20.5735392,-3.715759436,18.8385681,20.38680024,-2.530477683,19.77261655,1,1,1
29150,FF,3,292.2686149,175.6235725,171.4937914,44.80394236,177.2117411,175.6976691,30.25455475,186.5821576,-1,-1,1
29150,FO,3,267.2397452,269.1765984,270.3751967,277.132203,279.0107015,282.3816562,284.7926644,143.3490134,-1,1,-1
29150,OF,3,18.47836558,13.60258993,8.983093262,24.54044342,140.1647034,129.8184882,137.4070324,139.7859743,1,-1,-1
29150,OO,3,299.4186393,305.9514906,139.6901313,138.5784395,141.5912476,143.7476976,139.2009574,137.4172304,1,1,1
30151,FF,3,2.104907725,0.16916432,1.781822165,1.963051829,4.54820819,1.403862192,4.406053755,3.109847774,-1,-1,1
30151,FO,3,1.969195101,1.752478169,3.305859844,3.223736001,4.479777767,-0.085847278,-0.249032338,3.841107299,-1,1,-1
30151,OF,3,6.780506929,3.606452896,0.839342554,2.231301182,1.503539926,3.436294364,0.783123122,1.238238484,1,-1,-1
30151,OO,3,2.608527713,2.624209609,2.834394574,4.688724167,2.812318054,3.682423082,1.457823224,2.869604498,1,1,1
36181,FF,3,8.222803222,1.072971503,8.550788535,1.85824434,8.066037867,0.474292199,0.635009209,12.30420144,-1,-1,1
36181,FO,3,-5.775635401,14.45526245,-5.955076615,-5.803194602,-2.777928193,-3.020942609,-1.64244771,-4.222297986,-1,1,-1
36181,OF,3,1.01303747,2.403168095,12.85279436,11.69300108,11.91710944,20.98240209,23.74538795,2.819512049,1,-1,-1
36181,OO,3,2.439979977,7.626346959,14.76380764,5.367106782,6.593567265,2.473937432,2.537262678,11.00865428,1,1,1
37191,FF,3,-0.786403457,-1.913876017,-1.330788771,1.29059581,1.342462646,0.912343383,0.761395587,2.58533997,-1,-1,1
37191,FO,3,6.440250701,3.466059115,7.519141091,6.842013319,6.115213023,6.658018947,9.408380058,-0.44121933,-1,1,-1
37191,OF,3,4.04706702,8.352752301,0.154419899,5.464038809,2.487935649,8.54294757,2.230644359,8.861671342,1,-1,-1
37191,OO,3,4.175224317,5.33382931,5.230170992,9.48132805,-0.375513554,-0.066360831,2.392313454,-1.198367437,1,1,1
39201,FF,3,7.070136918,6.675035265,6.484483613,2.938520485,2.962892691,24.10302019,-0.569787608,1.673029529,-1,-1,1
39201,FO,3,19.90039497,22.52960629,21.30240705,17.98356062,30.4840188,12.77778578,10.08333053,7.1491189,-1,1,-1
39201,OF,3,-4.941191037,-7.337567647,10.13438278,-1.662649632,-4.348604997,-5.505316575,-6.477656205,-6.709184806,1,-1,-1
39201,OO,3,13.58690442,14.80573569,-4.650351524,-4.191957951,-8.280697028,-7.646195253,-11.78322808,-6.272042751,1,1,1
44220,FF,3,24.69305484,17.88931227,14.35073683,17.81885126,19.39236535,18.48255783,8.125956217,18.74094794,-1,-1,1
44220,FO,3,13.32211113,13.38945977,12.46614795,15.1523855,16.59597227,17.76364125,46.44951842,15.61502986,-1,1,-1
44220,OF,3,14.89011447,13.88396025,11.36042489,35.34623867,42.18588681,39.95998902,38.99181069,0.995861689,1,-1,-1
44220,OO,3,3.48627154,24.25945997,4.428712209,4.117446264,21.38361316,33.81244416,21.21758694,66.43607648,1,1,1
45231,FF,3,122.2417115,125.9036007,36.91644563,153.259805,157.7520845,171.8231227,280.9172033,145.7076429,-1,-1,1
45231,FO,3,41.24739965,79.18714841,88.62890392,34.81269709,32.19727325,36.03045909,100.3681853,80.14045588,-1,1,-1
45231,OF,3,57.65987947,-41.38990974,79.68390677,74.8006808,60.57090335,65.13465118,99.77518802,55.35064061,1,-1,-1
45231,OO,3,-31.43349838,-32.90815417,75.29464997,72.11406581,-34.42476654,-34.13631948,-45.69421132,-37.09713618,1,1,1
47241,FF,3,-2.754398982,14.15352276,0.080200672,31.90948243,-4.539653778,-7.720993678,-8.34903272,6.534978231,-1,-1,1
47241,FO,3,12.14738464,1.853237947,29.09253634,21.11178599,41.48342514,39.32139142,38.97133191,37.92683495,-1,1,-1
47241,OF,3,25.94220734,27.80216063,9.634129153,51.73426045,-2.337266286,65.78747495,70.20553017,4.990651449,1,-1,-1
47241,OO,3,10.85640081,-7.476299763,13.85192421,56.13435353,49.05322393,37.46301842,78.79255104,31.27803379,1,1,1
48240,FF,3,-4.005149523,81.98198933,18.97149679,20.50140651,-6.687200228,-3.227894624,19.43539646,36.7582425,-1,-1,1
48240,FO,3,19.64703549,52.53356955,7.645885891,7.644233545,21.52427875,15.57004987,3.679916541,18.89136993,-1,1,-1
48240,OF,3,-0.443313917,35.78797425,11.10433176,22.44399786,17.15127638,10.92881325,17.91405704,19.90232319,1,-1,-1
48240,OO,3,9.190205998,-0.17835935,1.737416585,7.828401407,29.70621162,16.07664167,33.16162401,-2.904071172,1,1,1
49250,FF,3,5.175093253,1.385785341,1.803839604,1.629994313,1.10666426,2.866374135,2.317354759,1.036826611,-1,-1,1
49250,FO,3,7.447973808,6.763189713,6.797794316,7.899790949,7.739898973,7.764423728,9.422999461,10.15558418,-1,1,-1
49250,OF,3,6.455189308,5.841090918,4.779211654,4.936861224,15.13322801,4.734393477,7.103155851,4.452969392,1,-1,-1
49250,OO,3,12.43110601,14.23466897,12.95785843,12.4226101,12.75642175,12.82373265,13.22037911,9.28431495,1,1,1
50251,FF,3,-4.137055079,0.164334615,-4.312143485,8.3139996,11.47483963,10.34450557,11.37959819,11.13094293,-1,-1,1
50251,FO,3,-6.124219259,-1.536465327,-9.831178188,-5.844324748,18.89978547,-3.249542713,-9.498471578,15.72567839,-1,1,-1
50251,OF,3,11.85804558,12.57684411,12.33849096,13.93743112,14.08353625,25.07905043,17.7494598,31.16671027,1,-1,-1
50251,OO,3,-8.613025665,13.28827116,-14.48795017,-12.13330396,7.422144678,-12.67381652,-15.75492096,10.47742934,1,1,1
51260,FF,3,13.04551782,10.40541702,14.0176257,15.53808186,16.62418885,19.35976717,41.83911779,11.98453591,-1,-1,1
51260,FO,3,18.50024372,16.41806147,18.010627,20.15867588,21.20450857,25.45566485,2.173277855,22.32918236,-1,1,-1
51260,OF,3,25.65344959,5.18857797,6.103337924,2.550154845,1.292607943,27.85336738,37.34763983,27.60885689,1,-1,-1
51260,OO,3,-0.520848592,0.756184578,2.602911949,-2.424347719,-7.236316363,-8.176107725,28.15557236,-4.877904733,1,1,1
53270,FF,3,2.181739966,1.983691216,2.294099278,23.74299902,30.15207587,16.31742477,16.3372727,31.91318305,-1,-1,1
53270,FO,3,10.39624262,0.592610677,13.00885974,20.90037817,58.21509298,27.53909492,50.97478851,65.58787107,-1,1,-1
53270,OF,3,-5.482851823,-0.214781761,-4.327230136,-6.274397055,-9.423886617,-8.890434265,-11.08070803,-9.927666505,1,-1,-1
53270,OO,3,-17.90826941,-12.75732867,-11.76235294,-9.551424821,-5.475727081,-4.315142314,-1.800283909,-5.28784132,1,1,1
54271,FF,3,4.103460206,6.636364063,16.83092093,-0.514713049,10.88995775,9.859744443,11.28364049,11.54015128,-1,-1,1
54271,FO,3,20.07400905,7.136762063,5.740455866,7.262107505,7.594007174,6.573603365,6.829971896,9.767562548,-1,1,-1
54271,OF,3,17.81214449,15.88002515,11.72906009,8.238664283,10.53547319,16.36007367,10.233914,10.8034118,1,-1,-1
54271,OO,3,-0.666621844,-3.299948772,1.473297199,11.6680269,7.414656639,8.583313677,9.791449176,1.660527229,1,1,1
56281,FF,3,-2.879629532,9.38409853,-2.092271805,-3.011637529,-4.426409086,-2.103671551,9.354621728,-0.944779555,-1,-1,1
56281,FO,3,18.88704419,13.98291063,11.20140923,12.85682037,15.22879463,-5.768879731,12.06430928,17.62553114,-1,1,-1
56281,OF,3,11.72251709,12.44215377,18.5807404,21.68944173,28.84719923,27.62698052,29.05144898,19.87833495,1,-1,-1
56281,OO,3,11.23730095,14.86742194,18.09995503,22.50292148,15.46138944,15.6389433,18.44686619,32.11337699,1,1,1
58291,FF,3,20.57548428,18.10760276,22.27874332,23.6379083,25.03145631,-1.31925265,-3.382726669,21.67930963,-1,-1,1
58291,FO,3,30.58536688,29.27416643,29.71247186,31.27107684,29.73979219,-8.829244614,-15.17794609,30.76516067,-1,1,-1
58291,OF,3,30.36593533,28.6805563,28.3798328,49.40780449,51.805089,60.85446188,79.14308442,51.75942124,1,-1,-1
58291,OO,3,-0.837116559,2.081953367,4.164564768,41.31647174,88.8287878,54.09492471,65.01394632,43.05776575,1,1,1
60301,FF,3,4.140198098,4.838902871,4.274260283,5.540233718,6.639153481,7.168058051,9.98978689,5.806545417,-1,-1,1
60301,FO,3,6.800213787,6.903900067,9.011916717,5.300212966,-1.261847496,-3.579567035,-5.971401532,-0.107027213,-1,1,-1
60301,OF,3,-0.588065386,-2.071339051,4.243737618,-1.413552284,-2.145659447,-2.417435726,0.640098254,-1.583821456,1,-1,-1
60301,OO,3,-1.496053457,3.849459728,-0.688072602,10.27716245,6.664177577,12.83921976,16.75418207,5.140876611,1,1,1
62310,FF,3,103.3741807,70.16763941,-33.62388166,32.81041209,27.25948821,32.48960008,36.8525912,25.63173591,-1,-1,1
62310,FO,3,196.0015619,109.7411741,185.0693616,166.9544144,129.3585233,147.7306504,222.9574394,116.7675052,-1,1,-1
62310,OF,3,193.600449,123.191644,170.9757184,150.0557887,83.30927255,90.46706284,83.35153325,116.4453718,1,-1,-1
62310,OO,3,74.84476174,-1.060952504,51.21759012,-16.75622304,-5.824326197,-7.962011337,-1.939632416,-5.03776296,1,1,1
63321,FF,3,320.8990173,361.0768746,38.34449683,138.1640089,41.32260089,27.85221386,70.62596575,38.76786682,-1,-1,1
63321,FO,3,136.7387288,-4.058036804,28.99548255,-7.267864863,-5.906580607,-4.067786217,-0.097242355,-8.23530976,-1,1,-1
63321,OF,3,341.4025777,302.8427743,-3.39841334,-35.78186735,-9.185405731,-6.430462201,-15.82713636,22.10550939,1,-1,-1
63321,OO,3,300.3450317,171.7398063,24.95972358,70.22676871,22.90960736,20.83243338,20.38113213,23.87604009,1,1,1
65331,FF,3,38.48537477,-3.290852547,-4.100165685,40.46006076,39.21671846,43.94572957,50.67046748,60.17545085,-1,-1,1
65331,FO,3,63.88719654,61.56805748,19.58052805,20.03033511,20.00847159,21.29727936,27.8985228,17.91504139,-1,1,-1
65331,OF,3,17.2027235,16.47149075,14.75225809,18.79864311,17.04067781,18.79725901,26.59826035,16.08097055,1,-1,-1
65331,OO,3,-12.7144359,-9.283322334,-15.36058998,-14.98515638,-7.684251149,-9.321909587,-15.05551243,-6.643809636,1,1,1
66330,FF,3,-5.031210105,-0.811217308,-3.82632494,-3.487420877,-3.780411561,22.27742985,27.30758455,19.21443102,-1,-1,1
66330,FO,3,34.47679196,20.85411697,64.64692873,40.47682089,21.054015,31.9561535,59.19199838,20.21699704,-1,1,-1
66330,OF,3,56.24002271,12.34612645,69.75094027,41.36236217,18.77819204,21.64790053,7.54269282,14.8648191,1,-1,-1
66330,OO,3,19.18034803,16.06529607,61.151013,55.3515101,3.328173796,4.607717037,22.7114173,1.466279666,1,1,1
67341,FF,3,39.76756435,21.10792192,30.40845405,45.33888181,-1.511773586,11.87515839,-1.018792629,-0.522705634,-1,-1,1
67341,FO,3,6.155565262,28.76424821,2.818000793,15.31430838,20.12250948,18.69085431,28.23929358,19.07805737,-1,1,-1
67341,OF,3,131.7341319,44.30311044,65.23237186,27.46455744,12.20384232,14.92139125,9.462361813,-1.523599545,1,-1,-1
67341,OO,3,1.584835688,-5.778727531,9.300435384,2.459473292,-3.484397411,-1.587316275,-2.820928733,-6.035372337,1,1,1
69351,FF,3,2.0147104,10.62264564,3.678472069,2.469169643,-7.145453612,3.368278225,2.184325284,-7.346138795,-1,-1,1
69351,FO,3,5.853529904,6.612750742,6.733183728,6.007491774,6.944551627,8.620745381,7.023156868,5.694099267,-1,1,-1
69351,OF,3,11.8759394,13.11081404,15.43306141,13.657162,10.19697078,15.41436954,9.793532438,11.86480888,1,-1,-1
69351,OO,3,2.674691121,7.029337936,6.662688759,6.548895862,6.048350175,2.455281695,7.519387947,8.861224333,1,1,1
70350,FF,3,73.93298213,75.89528529,68.90663062,69.54372745,65.78796387,69.66791958,65.56758923,65.15922589,-1,-1,1
70350,FO,3,-81.03257116,-84.63940557,-79.77958934,-80.23543549,58.39134216,-79.84142558,-75.55963771,-79.45248795,-1,1,-1
70350,OF,3,111.9089444,105.3870557,116.9536887,120.3766335,114.6321106,193.5247989,113.4189788,108.2561141,1,-1,-1
70350,OO,3,-3.321964264,6.330987295,1.677818298,77.47164493,75.01450602,79.25032722,77.07772107,78.42197206,1,1,1
71361,FF,3,12.52160406,15.5604119,18.15690041,4.729453935,11.73946052,16.18286427,20.8659188,2.41464493,-1,-1,1
71361,FO,3,-2.262603919,6.677777158,-3.58927536,-5.326094945,-2.608900706,-3.277116696,-2.792735736,-5.385166645,-1,1,-1
71361,OF,3,7.245117346,-3.263540983,-3.224487305,-6.727092107,-3.016313553,-6.895447969,15.15895494,-1.475726922,1,-1,-1
71361,OO,3,10.31318108,7.837219424,7.994780223,8.790391816,8.762594011,10.60558089,14.13714759,6.905047152,1,1,1
72360,FF,3,25.32245927,5.610870414,-4.187138875,-1.201197704,8.098969248,0.970128854,1.062994242,6.539662467,-1,-1,1
72360,FO,3,18.79875655,0.181594372,17.44571029,34.74650041,8.447023498,9.944373608,24.68778369,10.30306604,-1,1,-1
72360,OF,3,9.932070679,8.0247301,8.698715634,7.952024963,23.56348536,23.02504587,7.619572189,22.76767943,1,-1,-1
72360,OO,3,24.23922894,12.66228554,24.85516633,11.45361124,9.361450937,8.797528108,8.203802612,13.013308,1,1,1
74371,FF,3,3.120683829,-0.017708937,0.512645086,12.20902777,-1.92444245,-0.037015279,6.155882517,0.609260559,-1,-1,1
74371,FO,3,0.946089586,11.00679806,12.67663553,12.68307257,10.55086215,27.69069841,66.75474082,7.262395859,-1,1,-1
74371,OF,3,37.55061833,20.46301815,38.09486453,7.956838131,19.91760174,27.72498873,25.73584959,3.198532104,1,-1,-1
74371,OO,3,13.90197335,14.17416917,24.19305441,5.460882028,14.56110144,5.445381165,38.21471871,12.12133408,1,1,1
75380,FF,3,-11.02637291,-11.54076385,-9.694539547,-10.97850434,-11.40467628,-9.922605197,-12.26797597,-13.41486168,-1,-1,1
75380,FO,3,9.590223524,11.55431154,8.031788243,9.167950471,9.757214705,9.982420921,6.149653594,10.59623824,-1,1,-1
75380,OF,3,27.23285124,24.73167335,-1.420404593,2.0766867,2.268839677,33.80608781,16.94488891,36.9925179,1,-1,-1
75380,OO,3,-11.77026876,-9.692588806,-10.09380102,-13.68906228,-13.5377876,-14.01712577,-14.84660578,-13.63952319,1,1,1
76381,FF,3,-5.462669373,2.33034579,-14.00858116,21.72374503,3.476424535,4.09429423,35.60060512,5.613667488,-1,-1,1
76381,FO,3,20.12276374,72.87181791,20.92994669,20.61091646,-5.33815829,-5.449536641,-15.36893559,-6.414516767,-1,1,-1
76381,OF,3,36.66342333,28.20319133,40.00483174,39.44281292,41.7566399,50.18808577,20.57866552,22.16247251,1,-1,-1
76381,OO,3,62.64512973,22.32794338,45.12713348,61.37677987,45.06869994,55.36829715,67.98700068,40.7641734,1,1,1
77391,FF,3,-145.3435548,1177.619932,10.99922392,564.3632611,613.7680893,598.3922545,591.2427959,745.4248174,-1,-1,1
77391,FO,3,-4346.702328,-2320.502477,-3553.046436,-1837.507031,-1455.742579,-1266.718941,-1021.052429,-1887.458646,-1,1,-1
77391,OF,3,1841.571847,270.2466524,1536.520043,468.7434237,-216.2492828,-54.73781437,-52.4658023,-468.795372,1,-1,-1
77391,OO,3,-4457.313878,-2012.160553,-3710.566909,-1749.689681,-1272.331454,-1120.171174,-909.7347533,-1644.52964,1,1,1
78390,FF,3,-0.947601954,-24.3205239,-2.92297554,-36.72620233,-45.3809576,-46.4447759,-51.04891237,-46.53770796,-1,-1,1
78390,FO,3,-1.662684759,-29.82786592,-0.998099645,-12.44296869,-28.81407579,-22.51835124,-15.14763673,-29.13083998,-1,1,-1
78390,OF,3,180.3383706,132.6858293,189.9041331,153.0551964,115.4329492,129.1345444,133.8878251,121.2437891,1,-1,-1
78390,OO,3,40.21668816,24.94727061,50.93012598,32.31005319,29.8005281,28.74820964,26.57667531,29.56490888,1,1,1
79400,FF,3,-21.95207278,-20.59188843,-16.66317558,-15.73510806,-20.35909907,-12.7996254,-13.35998726,-15.72379684,-1,-1,1
79400,FO,3,-23.93833987,-29.90685018,-26.05705325,-27.77421379,-30.6925621,-30.29974238,-30.62471962,-26.06029383,-1,1,-1
79400,OF,3,38.37282965,38.38611348,40.38627942,37.12031364,37.96903525,35.88784239,18.8480765,32.97370783,1,-1,-1
79400,OO,3,24.19893795,27.57805888,20.2208945,21.93287977,24.88652335,20.25423135,20.40815671,24.13284683,1,1,1
80401,FF,3,117.0766108,104.6978974,124.0351654,117.8892064,105.8427923,115.4550623,113.2462635,106.6664323,-1,-1,1
80401,FO,3,-4.904052099,-5.212364833,-9.427598953,-4.805202484,-4.302732468,1.045823733,39.36989657,-5.83709844,-1,1,-1
80401,OF,3,9.861074448,6.258933385,17.26186434,4.072528839,2.304122289,7.352983157,-0.975896835,2.521709442,1,-1,-1
80401,OO,3,114.4794682,102.4755107,115.4148142,112.015839,99.06040298,100.5713801,110.0090148,100.5538885,1,1,1
81410,FF,3,-173.9477615,-152.7524974,-155.7742208,-149.1129252,-116.8703537,-104.6821645,-12.89086829,-130.4093781,-1,-1,1
81410,FO,3,-26.86057112,-24.09965515,-16.67582872,-21.88159858,-18.88245731,-20.19313049,29.14424727,-23.0136634,-1,1,-1
81410,OF,3,19.33051978,31.53763326,26.46912977,25.9927809,29.42756059,25.00435893,91.96255578,27.24415927,1,-1,-1
81410,OO,3,-128.9738642,-107.0813751,-105.9156189,-82.75701904,-69.37184906,-80.88673401,-131.8790054,-63.96743266,1,1,1
82411,FF,3,145.2019475,94.30532498,180.7805574,158.6337407,177.5065604,120.4758992,264.1336127,12.24064382,-1,-1,1
82411,FO,3,134.1916122,86.29943509,139.0473421,113.141126,-1.126289368,-4.578222911,-24.95476278,-5.141395569,-1,1,-1
82411,OF,3,175.9057236,-0.464757284,210.3590486,171.3893967,194.4475598,220.5178651,259.8662381,185.3359485,1,-1,-1
82411,OO,3,152.7716904,98.40555488,169.5808097,142.456454,93.42307621,107.3284077,-1.383565267,90.79294756,1,1,1
83420,FF,3,-0.352237542,-1.692198992,1.639896373,-1.255821407,2.234063201,-1.62362504,-0.682977001,1.553541634,-1,-1,1
83420,FO,3,5.24201409,2.873655876,1.172873795,1.290437824,2.0033368,2.480338123,2.842762536,2.618904405,-1,1,-1
83420,OF,3,2.174616655,1.469479481,1.147519728,-0.719698211,-1.116237164,-1.197774649,-0.671043356,0.301916096,1,-1,-1
83420,OO,3,4.667016824,4.811560551,0.577352107,-0.547155003,-0.010969639,-0.425320387,-1.375990669,0.17964069,1,1,1
85431,FF,3,23.9658983,26.73239941,19.76867761,41.73916965,29.01133304,23.73600727,13.24320984,30.9487559,-1,-1,1
85431,FO,3,57.09026761,56.24403169,53.87417179,53.63135105,52.12384627,50.55346637,50.62919108,47.63457235,-1,1,-1
85431,OF,3,54.41564094,55.41498099,53.5223092,60.60779148,52.8753518,56.65660053,59.11141459,49.90398661,1,-1,-1
85431,OO,3,-89.02820333,-86.14747238,-90.34450531,-83.02753703,-80.24480947,-80.86815008,-82.29449463,-78.94725545,1,1,1
86430,FF,3,-7.257372936,-6.636814276,-5.122439941,-4.768293142,-3.735581795,-4.67434593,-3.434889674,-4.848569433,-1,-1,1
86430,FO,3,-5.828094562,-4.25611035,-6.636708498,-6.15250659,-6.036186298,-5.595850428,-7.268780112,-5.726952593,-1,1,-1
86430,OF,3,2.5808759,1.647790962,3.752472798,2.077477323,1.8360863,1.315084683,3.197187304,1.048696452,1,-1,-1
86430,OO,3,-2.09460934,-2.021340847,-3.137661537,-2.699576139,-3.539392392,-3.761845231,-3.461225867,-3.284750501,1,1,1
87441,FF,3,-18.45822652,79.10311381,79.30603197,78.33015611,79.43802389,73.12180583,66.93396589,80.98820835,-1,-1,1
87441,FO,3,-137.3276927,-141.4489899,-141.9738413,-124.8447164,-118.3896434,-109.5195516,-97.09004974,-130.5083567,-1,1,-1
87441,OF,3,314.5859799,318.5321808,301.2153439,297.8700935,293.0229034,284.5811157,274.0561176,311.4108565,1,-1,-1
87441,OO,3,-317.0100657,-325.8474579,-319.0515696,-319.4610291,-329.4506582,-316.0548706,-296.5348638,-341.0124461,1,1,1
88440,FF,3,-39.8045578,-40.31003825,-47.24304962,-49.09606679,-52.4356842,-61.1990331,-63.35935465,-51.13638051,-1,-1,1
88440,FO,3,72.34270986,58.33013916,72.53369395,62.52750905,58.27931213,49.47452037,65.64574178,48.81224823,-1,1,-1
88440,OF,3,-235.9899521,-231.0133565,-245.0855687,-221.4227371,-210.5502065,-207.3750483,-204.0491536,-200.6583023,1,-1,-1
88440,OO,3,128.9718619,137.4735141,128.3351517,129.015124,135.494478,132.6331084,120.9554816,143.503056,1,1,1
89451,FF,3,20.71333949,29.47068808,14.14334424,40.85835224,20.17484199,26.0423086,1.055951436,13.06686931,-1,-1,1
89451,FO,3,71.88206016,72.59869406,122.3533925,111.5071568,109.4256244,112.3355651,17.7315962,111.0020343,-1,1,-1
89451,OF,3,125.3281653,113.3479256,122.8930348,114.2429712,109.2472543,21.19787449,112.8275189,106.307617,1,-1,-1
89451,OO,3,71.1795099,25.39503034,66.48942163,25.55696996,17.4675827,12.85318311,8.937202454,21.31638654,1,1,1
90450,FF,3,278.9115312,288.736187,281.0521668,290.9473542,298.4455037,298.9586546,316.6670965,301.4487445,-1,-1,1
90450,FO,3,130.0197534,128.1728198,129.123706,135.3643828,138.1214723,132.0361472,142.1170527,128.4581261,-1,1,-1
90450,OF,3,140.747445,147.5245247,141.4320658,146.9810414,154.2493918,159.6200197,163.2317378,153.8985761,1,-1,-1
90450,OO,3,28.08420308,24.96210353,26.62089411,26.26529821,21.87387721,23.07970428,19.56723277,24.33702469,1,1,1
91461,FF,3,109.6631268,95.58950975,108.167422,121.6354264,126.5394851,126.935229,132.14888,123.1563411,-1,-1,1
91461,FO,3,73.90157594,176.3866458,74.54415639,80.33902952,105.0198012,86.83472443,74.17615255,134.9905086,-1,1,-1
91461,OF,3,43.13282288,171.9971551,59.00904592,69.85267088,78.75431866,79.58766937,76.36782328,219.8656417,1,-1,-1
91461,OO,3,11.98639488,0.941274007,-5.129595439,116.5960791,117.3823196,128.9236018,150.1405691,-15.85989507,1,1,1
92460,FF,3,-7.97906971,16.92717897,20.04853853,16.09499635,13.09046666,12.20819129,-9.928033988,15.09305064,-1,-1,1
92460,FO,3,16.62768141,12.68702343,12.93400224,14.47755835,10.84286165,11.38512521,11.93157254,11.10172017,-1,1,-1
92460,OF,3,16.96854369,2.257168611,15.17975648,42.777032,20.74392811,23.20308214,13.6965802,0.805880864,1,-1,-1
92460,OO,3,39.95166556,30.70996449,38.9986213,38.00852309,27.74183671,28.64514886,28.88051547,5.769100189,1,1,1
93471,FF,3,10.84339815,9.562444899,-4.901866833,-2.164605776,-5.51903975,-4.852386236,-5.756233136,7.973395109,-1,-1,1
93471,FO,3,-1.704907894,-0.773439407,1.689470371,2.407400449,6.059314768,3.372627497,1.179751794,4.72830224,-1,1,-1
93471,OF,3,11.89074998,10.21240256,11.39538111,3.147931099,1.736703277,4.766776641,14.96505634,6.798954407,1,-1,-1
93471,OO,3,20.6299829,18.76624023,31.58613642,34.58039888,14.39477962,19.11164573,27.83435798,23.10598922,1,1,1
94470,FF,3,21.99961424,9.356608762,20.09590557,15.42666266,24.73279497,11.03628047,20.04989714,11.19930055,-1,-1,1
94470,FO,3,32.43166272,10.64032941,12.03361665,9.406538857,9.310211288,25.46032445,12.79944192,9.289398617,-1,1,-1
94470,OF,3,15.2920502,29.44926638,14.28362936,5.054344813,11.15998787,13.16226339,17.40005202,9.870557573,1,-1,-1
94470,OO,3,3.227662245,3.560765107,1.378214041,14.20890829,1.164628029,2.297272205,2.932432969,-1.131926854,1,1,1
95481,FF,3,-9.316736857,10.76610377,-17.19533936,-11.57100328,-4.352017959,-5.902380864,-4.744949818,-4.418033044,-1,-1,1
95481,FO,3,45.66400358,20.08505315,70.2141597,40.2215236,27.35795045,32.05818009,31.95391703,21.76905322,-1,1,-1
95481,OF,3,-0.152843475,-2.884247382,3.576876163,-4.984148343,-2.611049891,-4.718623718,-5.016191959,-2.948272785,1,-1,-1
95481,OO,3,18.19823159,9.092853573,57.94526169,10.84947618,-0.106937647,23.45242,22.09074227,4.114542087,1,1,1
96480,FF,3,13.15602239,23.99382337,28.77925746,24.91860644,22.39903577,21.94253794,22.60680898,25.68160184,-1,-1,1
96480,FO,3,184.7950588,195.8474331,209.0701764,214.4652653,222.936597,221.2046026,222.4990921,228.7989818,-1,1,-1
96480,OF,3,55.13463889,53.20673052,58.0123024,62.12330691,62.18303702,66.03605906,62.02840424,63.2867421,1,-1,-1
96480,OO,3,88.59068849,98.69743792,91.47723262,88.85032717,101.4474973,91.34638214,77.41525014,104.4893483,1,1,1
97490,FF,3,27.52786234,26.69410303,29.09092681,41.80745522,30.14914884,32.86915392,35.92964326,29.67271259,-1,-1,1
97490,FO,3,9.885691537,-0.01711146,0.269029299,12.13490608,11.72084755,12.08710803,10.43355279,1.236361027,-1,1,-1
97490,OF,3,20.54172304,35.48011335,38.30060101,20.05850151,30.31633812,30.87209251,23.02929025,27.38256799,1,-1,-1
97490,OO,3,-0.537013372,-0.240763982,2.606216113,4.468925953,5.235614459,5.100734234,8.733083566,15.2840529,1,1,1
98491,FF,3,-2.238802115,0.630259673,-2.70192035,-7.24762853,-7.235800902,-7.184163094,-13.11452802,-3.047831376,-1,-1,1
98491,FO,3,-13.9682161,-6.971906185,-11.57716831,-10.19499207,-14.21865511,-13.89354674,-7.805340449,-16.2397666,-1,1,-1
98491,OF,3,21.83119641,22.5820774,24.28302908,-2.924297333,33.93853998,-2.654759407,39.46914864,47.16440079,1,-1,-1
98491,OO,3,15.01706372,6.979295466,15.09767675,14.72338359,17.00152953,16.87837527,20.25664457,16.35056427,1,1,1
99500,FF,3,14.56596284,13.06487306,11.54366239,9.424832503,7.108596325,7.373549832,-12.36779086,7.536021021,-1,-1,1
99500,FO,3,-6.737356981,14.59098212,14.69059881,15.20242039,14.32659737,22.80378209,14.30518553,23.37858889,-1,1,-1
99500,OF,3,14.94583167,13.56580639,13.19146283,13.64183664,14.16205041,12.58433665,13.35431819,13.2158077,1,-1,-1
99500,OO,3,18.06930198,19.15485795,27.71525256,11.13566796,8.714734236,6.620722612,6.341211319,7.132900556,1,1,1