subj_idx,context,GroupCount,mean_P1,mean_P3,mean_Pz,mean_CPz,mean_CP2,mean_P2,mean_P4,mean_P6,mean_Con1,mean_Con2,mean_Con3
100501,FF,3,22.4645662,14.51148135,31.66334216,74.44996187,54.22962242,31.69980847,40.12064566,9.970225135,-1,-1,1
100501,FO,3,44.55063091,58.98420041,-19.8124733,86.05843809,-13.42399163,-19.79716457,34.48539021,-18.00183221,-1,1,-1
100501,OF,3,-31.43460218,51.27325401,-38.31032308,53.42090914,-38.03628508,-31.86241746,-19.78896101,-26.69666406,1,-1,-1
100501,OO,3,0.84170466,6.136951827,-3.965565364,-11.05472257,-11.03582838,-6.068056716,41.40018005,13.92088698,1,1,1
101510,FF,3,75.3322622,64.73627938,65.31166969,67.29464573,11.04061246,7.943333732,10.95009295,24.97594171,-1,-1,1
101510,FO,3,56.4716258,53.46508238,15.77028399,12.26017019,-0.706894636,0.490370856,4.085512479,7.495300876,-1,1,-1
101510,OF,3,-15.20719639,1.266825358,22.75256726,-36.12547239,6.556489229,-28.08247948,-21.4580183,0.428385364,1,-1,-1
101510,OO,3,-9.016301314,-7.035842896,-9.091578245,-1.487246831,-1.390268564,2.384167989,0.064891815,8.668843216,1,1,1
104521,FF,3,26.78745906,17.14397614,7.839813073,-23.4996292,15.60790385,-3.218914456,-5.011910756,-12.58900249,-1,-1,1
104521,FO,3,28.24013774,32.10793361,36.71239678,33.5525349,17.03449509,-3.475058026,6.723089536,-4.030554679,-1,1,-1
104521,OF,3,18.01925913,20.31426662,11.5404563,10.96818747,6.285200914,0.167032242,-2.746857325,8.011158082,1,-1,-1
104521,OO,3,25.94669024,30.89974156,32.95771615,37.16016532,11.96222819,-2.557996114,-15.9351937,-14.40663373,1,1,1
105530,FF,3,14.54311363,10.73136301,15.43929209,46.88722303,24.18850411,15.45925057,-0.238144676,-13.19123745,-1,-1,1
105530,FO,3,34.95447675,17.23330786,40.63970266,11.82685375,4.977289816,32.86024264,29.79921231,25.93452549,-1,1,-1
105530,OF,3,45.32623045,26.50038303,9.020901812,14.9935041,11.23831452,10.26492735,16.88192639,32.10115465,1,-1,-1
105530,OO,3,18.91536832,-12.22744075,15.44242077,46.12441582,50.56792579,19.02505664,21.83394513,15.60682519,1,1,1
106531,FF,3,45.3030722,3.314597706,49.93561618,42.80847486,34.50918836,48.61511809,-4.030350884,-19.53538016,-1,-1,1
106531,FO,3,-29.04197379,-38.12695597,-38.41737143,0.31864357,-6.628595591,-31.13848444,-22.90704938,-44.76720329,-1,1,-1
106531,OF,3,27.95192614,-10.04712557,-0.7472833,9.757204056,-27.58379038,-2.176291082,-11.95548366,21.73999692,1,-1,-1
106531,OO,3,22.09053036,15.96742878,4.462203344,31.72956022,22.25306069,0.004581014,-0.038591901,-12.53108275,1,1,1
107540,FF,3,39.04538059,40.26583836,16.03641118,104.2309144,70.84082286,108.5802192,57.14888414,-20.82674973,-1,-1,1
107540,FO,3,45.84902795,-13.46304348,26.19619359,31.0452048,17.3505071,82.96276723,46.17953904,17.84205953,-1,1,-1
107540,OF,3,-98.44367313,-51.78191201,-82.94659328,-102.1061001,-89.19686635,11.77738566,-72.96132437,-56.22724154,1,-1,-1
107540,OO,3,-113.2339017,-111.6420468,-99.87728405,-182.7342408,-145.7131424,-126.1625559,-103.9614553,-92.94982952,1,1,1
109551,FF,3,49.50619268,52.3704892,62.27027093,69.12802749,124.6550795,53.99646934,34.70554739,30.69374202,-1,-1,1
109551,FO,3,-20.52296495,-29.06010397,-17.83921194,-21.78239282,-5.14596494,43.31893492,-10.65608581,-14.03226348,-1,1,-1
109551,OF,3,37.0883317,37.19976226,54.88877397,57.64609157,81.08420457,48.87719552,52.15396113,24.27854166,1,-1,-1
109551,OO,3,-20.13528236,-22.17666459,-29.82188177,37.19859197,74.99998622,39.09279458,38.3924968,34.60408601,1,1,1
114570,FF,3,19.90176988,14.48210319,12.23975992,22.05442476,2.919936816,14.47105598,10.05337509,22.31129734,-1,-1,1
114570,FO,3,-35.2155575,-33.48430459,-61.34504906,-33.69150877,-55.46853924,-66.49847221,-69.44811964,9.183831612,-1,1,-1
114570,OF,3,28.16005015,52.03334241,59.62728082,26.69969236,56.56427097,59.49658606,58.38834937,18.97575132,1,-1,-1
114570,OO,3,-79.79111616,-67.20037858,-60.09570837,-83.58265956,-59.84791978,-61.81440417,-46.81618388,-29.239386,1,1,1
116580,FF,3,19.7054602,17.95405416,66.60144663,-13.16258907,-3.609621896,35.00707433,83.19274179,56.98462129,-1,-1,1
116580,FO,3,16.73585444,23.34056946,16.74917014,-0.087630908,8.075181325,11.63118116,19.51133307,-13.78069822,-1,1,-1
116580,OF,3,-12.12121209,-7.946656982,19.51316627,-27.35761611,18.34368939,24.57606509,-30.58847721,-12.03067406,1,-1,-1
116580,OO,3,4.699921264,30.7367125,14.72565762,20.2370437,16.08236737,24.17469091,24.56183039,103.1776195,1,1,1
117591,FF,3,12.79485929,16.27363722,3.821622398,3.952099562,1.502607346,-2.043476794,-10.21452814,-11.66542856,-1,-1,1
117591,FO,3,56.64650309,57.23921831,-43.49397164,-46.87756546,-38.81289546,-38.60383431,-37.29608375,-25.5228072,-1,1,-1
117591,OF,3,16.4495885,12.67592263,1.3141564,14.68629146,4.182625453,0.604719745,14.21889077,16.24408301,1,-1,-1
117591,OO,3,-35.95830206,-38.01700664,-32.39547547,-38.90625485,-32.57573446,-30.34871753,-30.8003901,-29.2964162,1,1,1
12061,FF,3,33.64957974,40.59162838,-7.261532704,-13.2713143,-30.78160175,-14.61369403,-4.774140278,-1.178929567,-1,-1,1
12061,FO,3,5.443072372,7.970057792,6.51513897,13.17404503,-8.077737437,25.70528979,-6.179090579,-2.622113731,-1,1,-1
12061,OF,3,75.53639438,80.43114407,41.44298074,55.62591224,27.980117,18.01559125,11.87977719,2.069888883,1,-1,-1
12061,OO,3,-18.77310705,-29.08624272,-2.668455362,46.22573015,46.66635614,28.12035555,16.80352759,21.38976969,1,1,1
127640,FF,3,26.08112441,16.8006958,53.67401009,77.19346323,60.91492177,57.19723108,34.33938887,21.6529767,-1,-1,1
127640,FO,3,-75.94702975,-61.73062718,-83.64763602,-70.03466475,-57.27848272,-98.93240547,-57.37839659,-40.9163417,-1,1,-1
127640,OF,3,-27.43746938,-19.70839526,-42.41389521,-77.8366071,-42.86762281,-29.30491956,-6.562114954,-7.515556309,1,-1,-1
127640,OO,3,-63.9870348,-46.15495646,-57.28875629,-62.23086162,-65.892127,-89.8488725,-60.30024648,-36.42515111,1,1,1
128641,FF,3,18.28282636,10.81754287,21.88355894,18.60678522,9.862326483,19.42657948,19.1536845,47.48901041,-1,-1,1
128641,FO,3,-5.84145685,-3.851428827,-4.211723427,2.510590951,34.57669967,-1.02157559,2.711536209,26.85994829,-1,1,-1
128641,OF,3,18.32063446,7.889828523,17.4774195,17.19432028,13.325034,11.99227302,8.473197738,-14.22517514,1,-1,-1
128641,OO,3,18.94960301,-4.894532998,10.76977599,25.72324729,12.4746121,17.28857771,-10.88122141,25.98426165,1,1,1
130651,FF,3,11.29248791,1.436234315,10.61301487,-0.387038701,2.106991602,3.629955411,-1.345528086,0.371238285,-1,-1,1
130651,FO,3,0.770162657,4.998504109,-3.906378955,-3.652410726,-7.883850833,-5.624260227,-9.104029536,-10.47347228,-1,1,-1
130651,OF,3,-8.881983365,12.78987254,-6.078680565,-3.98446599,-2.043692927,-7.349148075,-6.966971914,-4.893273671,1,-1,-1
130651,OO,3,2.389765605,7.968005127,2.662852589,-5.669205884,-3.577439964,-2.485011856,-0.460108399,7.543814871,1,1,1
13071,FF,3,-6.109097083,9.246914746,-20.56801494,-12.77179543,-18.10507647,63.28409984,108.4841377,26.2163789,-1,-1,1
13071,FO,3,-45.27271581,7.274904451,-34.27359724,-38.96681229,-56.4375693,-38.60003201,35.20662207,-0.775745551,-1,1,-1
13071,OF,3,34.54828996,35.29249466,15.19621134,43.45243025,39.69281917,47.47205252,41.54281643,14.83497402,1,-1,-1
13071,OO,3,-14.72662097,28.74120629,-14.4589963,44.70115455,74.25575489,78.05366108,20.10267157,25.91717566,1,1,1
131660,FF,3,16.27396575,19.69873428,20.25912325,31.23273717,21.00540998,26.13221003,23.56436492,45.31127448,-1,-1,1
131660,FO,3,3.185782987,10.33355077,-6.784933488,-1.998786449,-20.28376643,-18.29151833,-19.40471979,-18.76307058,-1,1,-1
131660,OF,3,-32.27691005,-28.36933581,-22.55615369,-17.6536053,6.479648908,-7.63321046,-4.5410345,27.34928232,1,-1,-1
131660,OO,3,-30.82925153,-35.34105237,-31.59010132,3.09185987,-34.28661919,-32.40253333,15.6247058,-4.568885962,1,1,1
132661,FF,3,-6.732609272,-26.03943904,-2.229529222,-24.06477849,3.838272095,14.80560525,16.15952794,39.91980129,-1,-1,1
132661,FO,3,15.87291023,10.16274595,4.939159234,-5.757572651,12.17162577,10.0611798,17.72190078,12.40218544,-1,1,-1
132661,OF,3,58.21947919,62.29645332,50.5952416,5.424618244,-2.452410804,53.0646766,99.26977046,102.8484529,1,-1,-1
132661,OO,3,47.9960333,-1.721495787,2.536632485,-4.142529329,-35.51734543,-16.88380845,-19.25860993,36.60431057,1,1,1
134670,FF,3,9.351518419,22.20396217,2.276735465,7.966133568,-0.048289869,-6.512101279,-10.36995223,50.38125945,-1,-1,1
134670,FO,3,19.38106834,9.173562845,11.38482364,-4.34263693,2.727453616,21.60821713,6.248628272,7.640588244,-1,1,-1
134670,OF,3,12.41824214,17.43584331,21.65048329,1.735050652,6.733339694,15.25653617,13.65596604,20.55103603,1,-1,-1
134670,OO,3,-42.94072723,6.137224038,-41.61573108,-39.151534,-34.21760142,-2.160823928,-44.73217336,-33.7113926,1,1,1
138690,FF,3,60.16800777,29.88260357,65.04529259,85.65199818,101.3112592,78.12193309,67.29664877,31.02834256,-1,-1,1
138690,FO,3,31.10519417,38.72688619,17.92152484,-0.261915465,-2.502063195,12.57358329,9.085464795,60.86387698,-1,1,-1
138690,OF,3,128.5700734,89.46677327,138.1864031,62.69747573,156.2571266,149.8310696,73.33443186,48.04142443,1,-1,-1
138690,OO,3,128.5700734,51.79501144,138.1864031,49.51898418,37.61552278,38.95616923,16.24759939,-43.88690122,1,1,1
139701,FF,3,7.651959737,22.466555,19.13541023,14.11758908,24.13272386,10.65043926,9.560262839,49.63250025,-1,-1,1
139701,FO,3,-51.1732502,-25.63837588,-61.09143202,-65.97004406,-88.13037888,-60.79163901,-57.26438252,-33.92961542,-1,1,-1
139701,OF,3,59.586945,29.6406088,60.89024562,46.89000101,45.68074073,66.8736177,65.48562426,29.79331406,1,-1,-1
139701,OO,3,16.87112342,14.44305199,13.56821778,21.78110157,-59.83805545,15.1080158,-43.48316749,-1.928930839,1,1,1
14070,FF,3,18.79059664,37.34361042,28.70234181,-11.86108653,30.76747044,-8.926839352,49.00819021,53.58835069,-1,-1,1
14070,FO,3,32.70897992,17.31424048,30.57461284,22.73507902,17.17286722,36.69617192,27.63289001,4.256813288,-1,1,-1
14070,OF,3,-6.812278748,23.40181957,-12.68652117,0.945334117,0.368703127,-25.69347207,-14.84655778,-22.70640874,1,-1,-1
14070,OO,3,12.80367152,16.27184394,4.836507705,25.3642523,49.29087281,-20.15492964,-32.27729559,-18.78084238,1,1,1
150751,FF,3,31.60474968,-6.226431052,23.67832653,25.08974523,21.48362231,23.99338655,28.9088159,-1.259914173,-1,-1,1
150751,FO,3,-22.08720334,-25.4308308,-4.307243427,-8.302888791,-14.65237276,9.082836747,-19.37411304,-32.89523359,-1,1,-1
150751,OF,3,9.283620199,7.759403388,17.27659504,18.14375117,19.19673292,21.61798092,9.291309476,0.641096181,1,-1,-1
150751,OO,3,-3.774520874,0.761121273,21.22450344,14.01050888,15.36091495,3.552609642,-11.17637662,2.644464374,1,1,1
15081,FF,3,-12.07735944,-8.324901422,30.93565283,30.3280047,55.96040597,2.329987923,15.20437645,68.45859932,-1,-1,1
15081,FO,3,28.41209626,31.87447447,34.41602494,38.10813827,35.52658718,35.85858093,-6.291950822,8.94375668,-1,1,-1
15081,OF,3,43.51896707,52.83725903,7.724651747,4.109483586,49.67839812,49.90804097,43.24820115,52.97819415,1,-1,-1
15081,OO,3,15.81807033,14.39321152,11.07815974,12.88329747,-6.004374146,-5.507411877,26.13295069,-26.49018039,1,1,1
151760,FF,3,-0.903247356,4.648687628,1.111939854,54.89361363,-17.21586339,-1.012102286,-28.2668829,-31.68063025,-1,-1,1
151760,FO,3,9.149704456,8.220378505,1.805926111,25.9288173,-24.66656605,-14.57256079,-1.206961844,-28.48135046,-1,1,-1
151760,OF,3,31.29562171,22.19482512,22.42781713,18.29115759,36.70170387,15.06518719,44.17498345,37.53113878,1,-1,-1
151760,OO,3,21.65854947,-47.56822507,20.43408341,20.92998332,-39.45231549,24.92005385,37.50470808,57.83154992,1,1,1
153770,FF,3,13.14369094,9.633202145,11.78688575,8.835770723,-52.39911379,-18.56977995,32.95863961,13.07633061,-1,-1,1
153770,FO,3,54.73329436,37.65325474,51.86670795,57.837261,61.0961284,14.38482987,39.99413478,38.01464187,-1,1,-1
153770,OF,3,64.27645092,39.4633631,46.37687827,68.90767054,45.87466882,24.35425056,45.74118406,72.86667315,1,-1,-1
153770,OO,3,36.13948078,32.25750278,24.25385556,40.1641068,50.29458676,-8.821641843,51.88736326,44.88968256,1,1,1
160800,FF,3,-36.13225693,-48.98290126,-27.11019123,-24.24265583,-20.98051616,99.00185882,-26.99840236,-20.62710651,-1,-1,1
160800,FO,3,-36.59131346,-52.78517278,-37.88927766,-29.58667159,-35.39508982,23.45086988,-18.46759677,-35.12581078,-1,1,-1
160800,OF,3,-9.914990352,-23.10886468,-13.17798695,-28.43750013,-17.40988182,198.7162698,3.185469071,-0.981246365,1,-1,-1
160800,OO,3,-24.17500307,-17.44368362,-16.35307793,-35.66672778,-31.01142681,50.82847871,-28.87170641,-17.35599661,1,1,1
16080,FF,3,-1.293713901,27.81428364,3.715322177,6.006618765,5.539407412,-1.684049269,-1.752641784,-34.05197016,-1,-1,1
16080,FO,3,-28.38684531,26.16513152,48.8447504,48.15593057,-12.37342294,-8.670337339,22.01956293,-12.13038063,-1,1,-1
16080,OF,3,-10.33173184,-11.64077743,6.072598457,-13.97952445,-11.21694088,4.933140179,5.456710498,-15.99769815,1,-1,-1
16080,OO,3,93.36517529,110.1841422,71.59071255,86.58666457,68.05675666,72.6165304,61.28125011,43.31247701,1,1,1
17091,FF,3,41.58720626,-10.39930598,-0.628068566,4.595901738,3.839788914,4.235331774,2.86894989,12.63388409,-1,-1,1
17091,FO,3,43.33493959,10.325307,42.35705083,54.72285665,6.858252154,1.938437329,16.58253246,13.96891718,-1,1,-1
17091,OF,3,6.374425623,-34.03903898,-34.48223937,22.79358851,-29.12634675,-33.23083727,-28.73495547,-23.9615473,1,-1,-1
17091,OO,3,20.24310785,23.21278042,9.230221947,-5.671919892,-21.22326994,-3.969435453,-22.89831289,-12.54446991,1,1,1
19101,FF,3,-31.09954898,-22.0786047,-7.465396166,-27.16298834,-21.34285466,29.86698307,-10.45920138,10.38230406,-1,-1,1
19101,FO,3,29.17160606,15.96471352,22.85023946,37.71938059,68.90268405,43.47356953,37.09939555,17.44217573,-1,1,-1
19101,OF,3,-8.533109029,30.63309977,-6.222029977,50.11293422,17.1499486,24.22157762,-27.37741339,24.64672616,1,-1,-1
19101,OO,3,-6.846827189,6.864649561,18.50448675,38.73872365,58.88095808,34.26076028,-51.74925053,12.6584074,1,1,1
20100,FF,3,11.51087187,-0.656240503,18.36145472,-1.411277519,18.50649921,19.45444938,20.67835957,14.23286772,-1,-1,1
20100,FO,3,3.141985516,-4.683437705,2.302800079,-12.62469025,-5.5846711,7.920955698,33.78440262,46.74687878,-1,1,-1
20100,OF,3,20.58373835,20.92394735,25.1210053,-6.307677176,11.16671793,35.52765842,14.6446332,-6.900807858,1,-1,-1
20100,OO,3,8.880262355,12.52978419,10.37569943,8.576086932,15.06457305,17.30547527,11.2049828,25.61387968,1,1,1
22110,FF,3,52.04879839,-29.68602812,34.11940585,-6.102051073,44.73723226,39.35988181,40.04105306,23.8973703,-1,-1,1
22110,FO,3,-2.385857711,-43.85888898,3.136553764,-17.70197797,-6.95580562,2.898624798,6.591955403,3.62605678,-1,1,-1
22110,OF,3,60.19281593,48.71619745,32.84386105,67.47215078,34.63598002,63.9374435,17.66706855,48.05640408,1,-1,-1
22110,OO,3,-8.00946026,-39.05486651,-37.92883269,-18.53103058,-32.42641592,-37.51311137,-31.88484297,-18.94168716,1,1,1
23121,FF,3,-29.55525029,0.468316893,-31.10742357,-4.760990272,-35.49502915,-34.94460474,-26.3566615,-22.76914879,-1,-1,1
23121,FO,3,15.50219097,3.912147423,4.787471026,-2.886879673,1.613665879,3.813772668,6.225286623,5.259863549,-1,1,-1
23121,OF,3,26.07836399,-6.89318337,24.76347948,-9.632459015,-0.126604749,-9.291598688,-10.40178906,-0.822145449,1,-1,-1
23121,OO,3,-1.126002563,12.82664698,8.955028921,23.8193285,7.125248796,11.41310484,-3.850790613,-2.99615652,1,1,1
24120,FF,3,54.84956996,43.80058365,120.7021335,58.97643473,53.1190683,52.6204,-0.477782514,37.39711404,-1,-1,1
24120,FO,3,39.16373444,21.58917223,43.3156076,18.02079701,43.07572158,37.32245604,34.73513227,9.527332862,-1,1,-1
24120,OF,3,11.97281265,5.127517303,20.48484919,14.54022977,82.09765895,84.35259681,50.85049635,28.73148195,1,-1,-1
24120,OO,3,-56.77834892,-36.56940627,-43.60763836,-51.07298986,-47.28433784,-46.91740576,-34.1967562,-12.76846321,1,1,1
25130,FF,3,4.684257666,-6.82463944,2.899689754,1.126020657,3.186558937,0.928619736,15.61817319,-14.96194317,-1,-1,1
25130,FO,3,-1.463536421,-1.10263394,-1.411071062,5.550071147,2.645387227,0.1927938,-1.856676833,8.255134814,-1,1,-1
25130,OF,3,-9.379056454,0.611530503,-15.01624656,-20.51937242,-18.52170435,-16.18059045,-8.610219131,1.268199186,1,-1,-1
25130,OO,3,-13.22450209,-6.401380181,-12.15945284,-20.97103798,-11.28864131,-10.98216659,0.393942863,-6.038272639,1,1,1
26131,FF,3,-9.801307599,3.052927441,-13.3075345,55.59974088,19.67339036,-17.15468852,13.39368187,11.04349184,-1,-1,1
26131,FO,3,-17.2440331,-17.06879489,-13.61400855,-12.89372985,-8.453255097,-11.9062767,19.87719348,-10.61198155,-1,1,-1
26131,OF,3,27.20558635,26.94040468,25.3838855,35.62628248,37.25095269,27.44738091,28.38320163,31.4869736,1,-1,-1
26131,OO,3,22.75248679,12.63421864,24.2828418,23.58353625,24.06664814,30.25421736,34.79410042,29.50210396,1,1,1
27140,FF,3,-25.63121774,-23.37289131,-26.00141351,-33.91473186,-22.21197478,-19.02473017,-11.46949146,-7.661823034,-1,-1,1
27140,FO,3,-30.22408193,-34.98873667,-23.91858154,-51.91031047,-33.7997783,-27.71560442,12.58495946,-7.383058627,-1,1,-1
27140,OF,3,21.29042237,14.97757502,22.65632041,2.530908095,5.382561578,18.41936839,15.03783794,4.933480766,1,-1,-1
27140,OO,3,-2.948520985,-2.904571017,-7.784982446,-6.060605221,1.018060896,1.53884534,-5.150725186,-9.269168933,1,1,1
28141,FF,3,2.285242359,-2.29029878,0.174962203,-5.845979969,-4.058066448,5.597672145,0.875907342,-7.255184134,-1,-1,1
28141,FO,3,30.24767037,43.02990521,29.56147952,31.82708156,35.0398936,27.4311498,35.00448373,-8.609154264,-1,1,-1
28141,OF,3,10.40178668,17.16503917,14.49107228,13.98463547,18.84484024,61.73243523,64.12509428,55.04933123,1,-1,-1
28141,OO,3,-17.04533358,-20.16514842,-21.05348221,-8.505191048,-16.72036656,-18.7729435,-26.60918959,-16.29868948,1,1,1
29150,FF,3,36.56551287,18.79791609,44.88983101,10.00040817,29.93715191,38.28176159,24.77750905,24.7638882,-1,-1,1
29150,FO,3,-53.59663359,-29.27085463,36.65515847,-83.81257375,-90.01842658,-70.69362513,-54.52918879,-44.60413949,-1,1,-1
29150,OF,3,42.41378074,118.4660813,68.60774687,58.51207182,64.74044577,58.17192883,38.69532013,15.96454159,1,-1,-1
29150,OO,3,83.54943413,-19.73038514,63.40458626,84.12606091,-25.7853632,-21.14224964,87.72318776,67.90614176,1,1,1
30151,FF,3,20.10447137,23.4259276,32.52625599,7.039095461,9.054871639,6.942058639,18.6521616,1.472104881,-1,-1,1
30151,FO,3,10.22779004,6.572699745,4.98344479,17.33512455,3.699627956,6.421237227,7.97242006,4.959112419,-1,1,-1
30151,OF,3,14.56277831,8.657577051,9.853047245,-5.781039536,4.855686585,8.080648651,-12.48612816,6.21822287,1,-1,-1
30151,OO,3,-11.69786596,-12.93612524,15.94459171,-8.814222634,-3.879675468,-7.817301522,-4.152534164,13.21401984,1,1,1
36181,FF,3,17.94806682,34.43520713,10.5269888,31.11271207,-1.564168294,18.96763196,14.05090948,23.88226869,-1,-1,1
36181,FO,3,1.071686533,-20.90383077,13.80283719,11.89467573,4.622966554,23.93981744,70.01841033,26.25021574,-1,1,-1
36181,OF,3,11.8332243,33.07202045,17.21237228,19.79741653,-4.143996133,5.525651601,-5.588326097,1.805486679,1,-1,-1
36181,OO,3,2.929098235,8.730211496,-20.34524083,7.200917085,-15.49738693,-14.69418752,-7.555576921,-22.88996506,1,1,1
37191,FF,3,-8.719556173,-13.9431202,-0.439907948,-4.128127337,1.409046729,-1.411592007,-7.555760066,4.017657975,-1,-1,1
37191,FO,3,6.034226735,0.233184298,21.50441077,27.80696299,20.31529339,17.3650296,17.9268216,21.86841702,-1,1,-1
37191,OF,3,42.09497155,3.22387445,52.72218225,47.19653,55.17660673,52.57595068,57.03602325,33.55007926,1,-1,-1
37191,OO,3,20.56001578,25.42021883,25.15998684,8.550394085,13.21062064,26.20204412,33.03886308,45.76295988,1,1,1
39201,FF,3,9.858842373,-49.82202721,18.84771474,30.11899424,31.07309641,23.99022436,-8.107504368,-9.801807404,-1,-1,1
39201,FO,3,61.98407867,0.527277417,89.23616028,97.33098618,83.16425761,110.4568505,144.0978227,155.0235193,-1,1,-1
39201,OF,3,57.01511251,16.53071319,17.22333908,-38.72280677,26.18914649,-51.01960103,51.53009844,64.82677417,1,-1,-1
39201,OO,3,-16.52080774,-10.22237714,18.32368851,22.95580022,-35.00476193,-36.93176254,-6.936575413,95.59708616,1,1,1
44220,FF,3,-0.870961348,1.071917832,-1.666225751,14.94219049,13.93962223,15.52206914,7.733930435,-6.047821204,-1,-1,1
44220,FO,3,-0.309844865,7.184368564,1.284098625,6.59698391,5.039335264,58.65537755,9.501841711,20.48018387,-1,1,-1
44220,OF,3,0.022521019,8.555805001,8.706887563,-9.573081017,3.743666026,10.9000624,0.813577818,-2.642835988,1,-1,-1
44220,OO,3,-2.350807031,-3.677474678,13.00871754,17.21058369,4.811092072,7.750527541,6.27695736,3.446623749,1,1,1
45231,FF,3,31.26015502,26.19117296,33.48830162,41.66689452,76.57976725,43.6002916,58.15047987,46.52175089,-1,-1,1
45231,FO,3,-14.450677,26.65360073,-21.13874809,-24.91613698,-9.373675055,-21.41928824,35.68283614,18.80101955,-1,1,-1
45231,OF,3,4.747499122,21.95475709,-3.658829927,-0.793901205,-8.980468194,-13.1981353,-22.34625252,18.87862639,1,-1,-1
45231,OO,3,-2.450119363,-4.790304144,-36.42299294,-54.9029429,-3.922965394,-32.88686617,-35.16841324,-7.100768765,1,1,1
47241,FF,3,1.013936626,-2.894193371,17.29210869,-22.01317726,-25.35200534,15.88713513,-5.337003867,-6.842277845,-1,-1,1
47241,FO,3,-6.019708792,-9.49432536,-1.714232286,-7.99162962,25.19080115,-2.276465257,1.086272187,-4.921456973,-1,1,-1
47241,OF,3,31.48164182,23.55389053,31.94095532,14.58765273,-5.988306537,20.02364545,6.895554172,6.518124898,1,-1,-1
47241,OO,3,-3.58449528,29.12181951,32.49859921,-6.06141952,13.97588426,37.04803292,27.98511807,-6.397858302,1,1,1
48240,FF,3,69.67241139,48.23659115,64.79234081,29.43534629,-24.9706769,-10.94255765,-46.32674476,-51.32998836,-1,-1,1
48240,FO,3,37.16024547,-5.384312391,28.66418097,44.17226442,23.44366185,58.66542689,35.31094446,55.99123739,-1,1,-1
48240,OF,3,-18.57708804,-18.65317798,27.25269339,-27.02658749,2.684611162,8.175459544,-19.40691062,-50.0660342,1,-1,-1
48240,OO,3,37.71404542,-3.437602811,80.38065317,65.55431334,-30.25592597,29.1297991,-21.26213017,-25.99728798,1,1,1
49250,FF,3,25.71562068,0.631818414,38.87076355,31.5144281,17.53061738,46.52242935,-4.741030137,68.70655145,-1,-1,1
49250,FO,3,-13.13683001,-13.41485186,-17.86460936,-17.03405042,-5.431168834,-9.226079901,-7.897620598,29.35977512,-1,1,-1
49250,OF,3,12.54805883,-0.652600328,5.755535987,-0.420551101,18.68087704,39.36696899,-3.396548086,86.38523526,1,-1,-1
49250,OO,3,27.52241643,28.05291975,37.1871253,0.566381733,0.000987702,8.642008265,-9.461048524,17.85394118,1,1,1
50251,FF,3,52.46945518,59.88891513,40.63692123,68.38813682,43.16102617,39.91922861,35.68661413,33.63327781,-1,-1,1
50251,FO,3,-11.30314044,52.13466987,16.82308567,35.63552537,29.58364136,18.71623256,18.15725842,24.40934587,-1,1,-1
50251,OF,3,-76.05406662,-49.3956123,-75.93778686,-126.9786568,-85.5341384,-66.45250877,-62.41172198,-48.90176892,1,-1,-1
50251,OO,3,-55.41520846,-38.57674589,-59.14964434,-132.530017,-85.18582825,-72.38485575,-79.68691933,-70.31281463,1,1,1
51260,FF,3,26.86198407,24.97285974,-35.81022994,-20.1563673,-11.54015764,-28.85512273,-17.88109234,-9.180656542,-1,-1,1
51260,FO,3,12.54440199,34.14260741,22.85813109,0.806351662,3.48663044,27.46910482,25.88808538,14.12379664,-1,1,-1
51260,OF,3,17.86509342,18.00955832,9.412803332,15.66786183,10.43414084,7.744622601,7.883050617,7.904446142,1,-1,-1
51260,OO,3,1.440526883,-1.314025998,43.30873775,-3.599012057,-8.020799319,35.32682668,23.32281334,10.71308312,1,1,1
53270,FF,3,-73.93150187,-49.46429205,-72.91367491,-83.29371536,-53.04875461,-72.06260586,-69.02624591,-34.04493443,-1,-1,1
53270,FO,3,59.47578457,36.66222101,58.17705613,49.91225469,60.26804725,44.5640902,55.18877045,47.72006061,-1,1,-1
53270,OF,3,-22.63413848,-17.17814408,113.7183957,116.3408854,109.997654,124.2066401,165.6308757,100.6734603,1,-1,-1
53270,OO,3,-42.1165204,-52.07729928,-52.5732526,-40.04570345,-39.69052068,-16.76944023,-13.47415018,127.4037797,1,1,1
54271,FF,3,-26.84282374,-31.33176215,-31.07527375,-28.40856071,36.60967567,46.5623072,65.51624065,-65.29334831,-1,-1,1
54271,FO,3,5.831533247,1.698904885,-0.324745999,49.98961755,0.344228586,100.0918701,86.39523082,-21.92282613,-1,1,-1
54271,OF,3,-13.67357039,-15.75689109,-14.11654528,-15.19854001,62.56067218,10.2867039,-2.900874456,6.419265747,1,-1,-1
54271,OO,3,-7.991093874,-0.088562648,64.28324209,15.92576325,22.51267682,64.7012461,47.79475382,-19.28031095,1,1,1
56281,FF,3,7.690071609,-11.58082318,-4.805358291,-43.47209493,-43.24224019,7.857623365,15.25752115,2.292002784,-1,-1,1
56281,FO,3,33.17038994,5.430238962,4.581537869,-33.21939953,-23.0219659,29.30259901,28.5115749,6.402218925,-1,1,-1
56281,OF,3,20.82640698,14.44505588,-5.81062448,29.05871081,25.58879993,15.85634608,34.43730561,5.185163922,1,-1,-1
56281,OO,3,7.515484995,15.01383297,12.8613097,-39.42002082,-31.96127216,2.521451791,7.442668438,15.30230056,1,1,1
58291,FF,3,10.20471439,-3.706653827,15.3924254,14.99232337,14.00975365,26.64262194,8.378927867,11.3969454,-1,-1,1
58291,FO,3,-6.717699726,-14.1537415,7.852051285,-1.858560748,3.751153416,4.585794396,1.818761826,8.629788796,-1,1,-1
58291,OF,3,-16.55508506,-4.352483491,-9.866689444,37.51390566,44.06693448,9.166175789,12.92983246,18.23574328,1,-1,-1
58291,OO,3,-14.13151952,-20.24407568,22.46579983,13.31263714,6.385915862,9.711242623,5.802347819,-16.43126718,1,1,1
60301,FF,3,8.870789356,-20.71147335,-17.77963257,8.053405292,29.67183598,8.71714988,6.65001552,-5.84888941,-1,-1,1
60301,FO,3,4.300108737,4.457728744,2.126361529,16.93635258,12.87609617,3.306356867,-7.43143938,-3.186495205,-1,1,-1
60301,OF,3,2.992553221,-22.79601133,10.64436224,15.83518299,-7.922671556,13.47244532,22.68349583,13.78078314,1,-1,-1
60301,OO,3,27.93059364,15.84087312,27.41054715,11.1056819,9.823388656,17.45134877,15.55988948,15.41585331,1,1,1
62310,FF,3,118.1816176,38.63139227,101.057515,13.80492719,-12.79150422,82.37865072,80.22553052,77.7639389,-1,-1,1
62310,FO,3,119.6785048,106.7080929,140.0225835,140.3385347,154.9235502,141.6256879,155.5310104,57.18170929,-1,1,-1
62310,OF,3,41.17710124,27.26592138,83.6905055,59.90624173,76.76163048,80.12000407,81.57785087,125.5650711,1,-1,-1
62310,OO,3,8.387497266,1.381204287,55.7092433,53.6790638,56.8828463,58.42010885,76.27021843,95.0841039,1,1,1
63321,FF,3,124.2899357,108.9912219,25.11215825,11.35128238,38.21619097,8.429123296,23.86737364,22.33445911,-1,-1,1
63321,FO,3,5.152033329,-31.89730295,-36.12450343,-76.50905212,-52.5692819,-31.89664729,-31.30980153,25.28197777,-1,1,-1
63321,OF,3,-57.74630499,-9.239153226,-30.55064072,21.10977136,35.58319791,-12.07741054,-0.743714157,-6.99061962,1,-1,-1
63321,OO,3,38.96495983,55.37862068,58.1338766,107.8529074,131.8093217,68.6655524,80.08566998,55.17374885,1,1,1
65331,FF,3,-34.06547896,-34.11008954,-28.72922862,-22.80381954,-14.19335838,-25.41685875,-22.41472181,-11.16086161,-1,-1,1
65331,FO,3,3.005365796,11.12695358,-3.373239769,5.451991492,0.561101079,4.978797144,10.42289586,0.961465372,-1,1,-1
65331,OF,3,6.706160016,11.52119268,22.32924579,12.39255059,0.375351946,15.43539479,15.28775215,4.404153069,1,-1,-1
65331,OO,3,-34.31285,-35.53421458,-41.92471659,-40.05871888,-34.88117421,-33.94658701,9.297789044,-18.20735498,1,1,1
66330,FF,3,35.33137686,-7.723270655,80.83604463,29.75390826,23.67627944,43.61354775,35.24518572,31.30449947,-1,-1,1
66330,FO,3,-12.75830789,0.3031768,-13.08948421,-15.93022696,-2.410232067,12.06168016,17.68769368,15.66248846,-1,1,-1
66330,OF,3,23.91912478,3.60934488,25.95650853,53.44419151,23.62432199,58.30119271,6.413248195,6.196044763,1,-1,-1
66330,OO,3,49.28518532,34.99602294,38.43749226,25.75402016,21.13287454,40.352387,27.32577146,17.78588279,1,1,1
67341,FF,3,-11.48544181,-25.61376437,-22.55205504,-5.366769632,-19.02454559,-3.118657827,28.37030831,12.31271904,-1,-1,1
67341,FO,3,13.65346814,-45.91365012,21.03346136,-16.44447247,-32.12162105,8.638489273,-0.513478981,7.542300238,-1,1,-1
67341,OF,3,28.96157868,25.30846932,37.0405781,27.49621407,41.74553635,41.4664416,17.57584279,25.67880536,1,-1,-1
67341,OO,3,-14.01855116,-6.96677645,-12.03269037,-15.34481986,-16.7532208,-16.4825844,-17.91282229,34.31447823,1,1,1
69351,FF,3,3.595003814,-6.127328396,5.784091989,11.23284202,8.746708314,10.70906145,9.344456024,7.974255774,-1,-1,1
69351,FO,3,-14.72018173,-12.81551123,-21.10621146,-26.64965947,-25.14221899,-23.51670794,-13.5492055,-4.637993177,-1,1,-1
69351,OF,3,20.80917961,-11.2262525,-6.260307299,-8.17796686,-7.925427675,-7.53899671,17.53535495,35.65057596,1,-1,-1
69351,OO,3,-1.989761303,-4.671355089,-10.01339336,-16.05986309,-11.71592085,-2.575476527,-0.86931328,8.279368613,1,1,1
70350,FF,3,35.1923248,154.2980581,38.84987089,34.57347873,34.89690924,36.35601727,39.82613394,40.06544548,-1,-1,1
70350,FO,3,-26.75025034,4.094167868,-28.16002274,-25.79910525,-48.62265476,-39.89798721,-53.02749316,-41.99355666,-1,1,-1
70350,OF,3,135.8213929,148.0906047,117.1020131,131.4267248,100.330125,102.3173658,111.2706653,120.6730138,1,-1,-1
70350,OO,3,-16.68089914,9.790640036,-21.12155024,-44.78341413,-24.78292418,-25.75779963,-15.80173175,-0.678765297,1,1,1
71361,FF,3,23.14258779,29.34005263,32.65988308,130.0945447,24.49530016,9.997079581,26.34268921,4.790106118,-1,-1,1
71361,FO,3,17.21069158,4.753194465,3.140925301,65.48940912,18.81795616,-11.56783004,7.554655403,-11.52821956,-1,1,-1
71361,OF,3,6.226658,-7.227984508,-7.263072756,44.97078576,63.77186624,-6.903344986,35.24341868,19.48997106,1,-1,-1
71361,OO,3,7.152015183,28.72311944,-10.33099174,17.67738214,16.55260073,20.08863334,-16.95098842,1.270288567,1,1,1
72360,FF,3,-2.089260419,-0.494278053,-0.523495091,-2.563152572,-5.534540508,-1.517565701,-0.784633517,4.919454747,-1,-1,1
72360,FO,3,-13.3049647,-11.4377591,-14.97520018,-23.78204856,-15.78736452,-16.20466193,3.266388721,-9.827244719,-1,1,-1
72360,OF,3,1.86692312,4.21447295,3.815634516,6.787508958,2.550019728,0.516755607,3.342437863,-11.5194209,1,-1,-1
72360,OO,3,-2.979173024,-8.559765597,0.58970197,-3.734116892,1.489761154,5.318782038,31.4858251,7.151160889,1,1,1
74371,FF,3,-19.28157662,-13.34542261,-22.36840204,-25.63236854,-18.86906322,6.70290796,6.835484617,14.03375778,-1,-1,1
74371,FO,3,14.90935337,16.5620535,23.36944505,19.49461208,16.95394002,14.86157902,7.625475678,30.39622218,-1,1,-1
74371,OF,3,-7.393483947,-12.01670047,-12.90808237,-10.98864553,-13.05880721,7.869406144,-0.605746567,5.45855089,1,-1,-1
74371,OO,3,-7.341885497,-8.935656543,-6.874632319,-8.761084576,-6.844733927,21.26331417,-2.49736123,17.96350263,1,1,1
75380,FF,3,-55.22432256,22.1063985,-62.99633773,-23.88163102,-20.02111332,-54.18677294,-39.47760594,-31.03973142,-1,-1,1
75380,FO,3,26.92113466,26.41342123,32.96650659,42.3472501,40.2466325,32.05028164,22.95107795,19.54055699,-1,1,-1
75380,OF,3,-41.97422242,-18.37090802,-54.09754674,-39.69391914,-44.81332898,-52.22697985,-26.58745142,-45.71747057,1,-1,-1
75380,OO,3,-23.129438,-11.28190986,-37.74354219,-34.17559906,-38.62400683,-39.03620891,-21.76661328,-15.86850174,1,1,1
76381,FF,3,-2.146222115,-0.933184465,-0.560599486,37.77925577,29.86365096,36.33789843,35.78667246,35.9645224,-1,-1,1
76381,FO,3,31.17764229,30.09804286,44.08448638,33.32358211,40.05327129,15.12534795,12.8637099,5.556851983,-1,1,-1
76381,OF,3,24.93813441,-0.13598956,-1.595767074,8.301935156,-15.49736466,16.10621342,7.570523077,35.9645224,1,-1,-1
76381,OO,3,32.09286043,19.06339969,40.14110157,29.5402709,32.90373453,44.9869205,27.96747004,16.91779485,1,1,1
77391,FF,3,31.84258085,-0.009036428,57.39187299,60.91084841,112.2257257,103.6255195,137.4046844,174.71509,-1,-1,1
77391,FO,3,-293.7113182,-300.0851926,-285.5858054,-318.400603,-412.2567824,-326.1287459,-369.6791892,-350.1357086,-1,1,-1
77391,OF,3,3.55159839,-19.32624386,-14.80785068,-17.49478022,-79.40796963,-63.27119748,-139.1394534,-168.8329711,1,-1,-1
77391,OO,3,-266.928,-296.5864253,-271.0786751,-301.6652107,-381.7731697,-311.7958824,-366.9178309,-357.5670651,1,1,1
78390,FF,3,-11.08709431,-7.506008228,-14.22298066,-14.89856568,-2.214741707,-27.72004832,2.638462279,13.485434,-1,-1,1
78390,FO,3,12.04093774,8.065740665,6.546227296,28.75473241,18.31357606,23.71314298,34.14888785,3.950484594,-1,1,-1
78390,OF,3,-45.37843482,-26.14857793,-53.91466443,-53.15699995,-50.03367901,-54.64617872,-26.0199426,-17.80195808,1,-1,-1
78390,OO,3,-25.69634787,-11.77541534,-38.39700301,-45.22578466,-45.38019784,-60.58916171,-40.24726168,-33.43200239,1,1,1
79400,FF,3,-37.11984825,-25.88008511,-25.04490987,-89.28351569,-77.64234352,-35.96317355,-28.47007751,75.1513124,-1,-1,1
79400,FO,3,-114.3892454,-21.629857,-112.8080563,-131.3537697,-100.4421997,-86.73487981,-72.26028188,50.89637873,-1,1,-1
79400,OF,3,53.03548728,45.22993749,54.36283856,24.89915209,29.29190869,44.83455828,31.93485557,46.44376511,1,-1,-1
79400,OO,3,29.71919526,27.6234211,36.61905562,47.70386344,42.22665638,43.82534938,26.64075258,-6.493465106,1,1,1
80401,FF,3,12.78714069,34.64157007,59.37459458,53.64260663,10.20902152,58.52102974,48.42618391,46.77242502,-1,-1,1
80401,FO,3,50.68767627,43.15525152,73.08818457,77.58592277,88.7411987,39.08467044,56.09929487,51.94205443,-1,1,-1
80401,OF,3,53.66888857,15.88699057,15.34200647,24.29013009,12.53814851,-26.1913813,11.7407358,6.394320488,1,-1,-1
80401,OO,3,17.61166112,40.55602676,35.95689244,22.21664778,11.39584812,20.52299314,24.11183209,35.43078391,1,1,1
81410,FF,3,-6.741439104,30.37433579,5.101131916,1.060047468,-7.695060333,0.815654516,-0.268388351,-2.29709204,-1,-1,1
81410,FO,3,-20.66590169,43.18757929,34.85405503,-6.484425333,-2.227210654,34.68959159,67.05613097,21.43684904,-1,1,-1
81410,OF,3,21.81378754,16.478616,10.75593742,19.97620699,21.77859086,27.6023519,45.74808553,14.5025448,1,-1,-1
81410,OO,3,-50.74395299,-1.710712883,-32.22161881,8.341656261,13.9815175,-41.73712246,17.90544205,12.59020098,1,1,1
82411,FF,3,133.3403298,103.9780493,83.49025869,154.9357061,73.09452248,63.57049343,39.08477245,26.57886542,-1,-1,1
82411,FO,3,-23.58724499,-42.43384266,-19.34724442,58.62410005,-16.57332039,-17.92074951,-8.960356792,-8.235991637,-1,1,-1
82411,OF,3,-4.918523471,9.614603996,-3.074169318,-7.980694135,4.663681666,1.268164476,7.319645855,3.204995102,1,-1,-1
82411,OO,3,49.76831129,102.237291,-9.42009751,66.54939556,22.12101173,-8.13925155,-7.518588781,-5.287083785,1,1,1
83420,FF,3,-42.74735631,-63.4787595,212.1920715,5.006942855,-52.57054138,-9.121790144,181.2755099,164.3259212,-1,-1,1
83420,FO,3,-40.5252339,-76.97801129,5.291479535,43.70604462,55.9230245,42.59218894,66.86519644,90.19219097,-1,1,-1
83420,OF,3,61.24117417,100.9212115,22.96591547,238.2100371,180.7835083,209.0805406,12.07568889,32.91280762,1,-1,-1
83420,OO,3,166.3030358,182.5002744,161.280483,121.3173575,128.6548665,129.07515,138.7339149,117.3852146,1,1,1
85431,FF,3,44.80220339,49.04667303,17.2244108,8.843612618,-11.15413419,44.50685154,15.21580742,35.9870401,-1,-1,1
85431,FO,3,30.09431659,51.69487148,33.25431167,11.5970255,28.56084148,30.15640987,20.09514855,-7.243735101,-1,1,-1
85431,OF,3,20.28208743,16.1284203,-2.958063126,1.814187845,-5.172940652,5.995572646,-1.449827075,-87.96440093,1,-1,-1
85431,OO,3,27.62630283,20.88688257,22.011805,45.17068296,10.19241309,28.85823406,45.93999244,-87.90361881,1,1,1
86430,FF,3,-17.00015124,15.6728815,-18.88018751,23.51881181,39.27774946,16.25055758,17.89487198,-4.821403503,-1,-1,1
86430,FO,3,60.24495117,33.00586314,70.47357257,76.60452954,70.68804955,63.96093178,59.22088257,45.28604253,-1,1,-1
86430,OF,3,-7.341620684,-8.226671696,-8.097868125,-17.19578854,-19.77942173,-8.887570063,-4.023892879,-4.727038066,1,-1,-1
86430,OO,3,-4.56247894,32.0676447,-4.65081358,1.132813295,9.389992793,-2.783660253,-3.507099311,26.00961431,1,1,1
87441,FF,3,-153.1624554,-140.1055197,-138.8180273,-103.2115254,-135.7254085,-125.3968247,-99.91854302,-67.61452818,-1,-1,1
87441,FO,3,53.4100284,58.58713567,83.60183658,76.53223075,37.58735628,54.78078604,34.12652561,10.49314102,-1,1,-1
87441,OF,3,-89.95771106,-90.35443517,-83.27041547,-80.94869343,-71.24987054,-72.48114793,-64.63213873,-12.93289381,1,-1,-1
87441,OO,3,27.67735985,38.22921725,40.9398658,60.97262918,43.1924283,48.43940496,50.66357777,24.73173327,1,1,1
88440,FF,3,-12.61935139,-8.601068179,-12.96331135,-0.867701583,5.382071972,-9.581916491,-12.15639544,5.228524486,-1,-1,1
88440,FO,3,-47.48194726,-47.07402325,-40.00850852,-45.1905179,-48.06010262,-62.61384932,-36.70351394,-3.007171856,-1,1,-1
88440,OF,3,20.3627634,15.80346055,35.48548513,28.63883426,28.74630562,47.10352294,38.00863759,19.04614935,1,-1,-1
88440,OO,3,-1.649039904,3.242899895,-14.44864511,-21.3645997,-21.589849,-16.26301161,-7.638598601,-5.381028533,1,1,1
89451,FF,3,57.12824999,43.49870654,44.38051486,28.78964713,45.69726117,49.76486304,57.6003237,40.03091637,-1,-1,1
89451,FO,3,37.0642142,11.15535891,31.06066902,-21.29956778,20.85494169,-24.99002035,-31.17773732,-28.32047955,-1,1,-1
89451,OF,3,12.20676208,26.08841352,19.49302046,18.09549811,14.38270124,23.17634935,17.35556187,8.64266475,1,-1,-1
89451,OO,3,48.74561297,30.40765027,58.27216204,73.9455315,15.99730237,9.578141239,54.18518546,11.942705,1,1,1
90450,FF,3,-25.93604231,-22.23365879,1.499609742,-28.58765656,-25.54203121,-29.01590357,-23.67849102,-1.920732617,-1,-1,1
90450,FO,3,2.002174695,-2.771868388,10.61506242,10.44217438,18.51062274,24.25768422,12.57761631,19.15849125,-1,1,-1
90450,OF,3,3.814301703,0.504386902,4.015616847,8.606623153,3.558586836,-1.462303645,0.50699991,-0.572128336,1,-1,-1
90450,OO,3,-8.462119049,-3.15414079,-6.434208916,20.80042189,20.95507153,-7.660375443,19.52136169,12.40492483,1,1,1
91461,FF,3,50.93935352,50.04675089,41.31474246,27.59864155,21.55277681,35.50472101,32.2755247,114.0990307,-1,-1,1
91461,FO,3,-94.46258609,4.976449834,-68.11070935,-57.70423651,-41.9915808,-58.83400885,15.93613728,31.05188635,-1,1,-1
91461,OF,3,43.96384896,22.90494715,27.60510959,18.71012608,5.066969395,18.30901919,9.445760489,38.23949061,1,-1,-1
91461,OO,3,-67.23194567,22.92354634,-33.15044896,-32.91902939,-11.92933766,-32.68529161,-20.6368924,13.24477779,1,1,1
92460,FF,3,-17.26212627,-12.14918003,-10.06269749,8.065613217,15.13276088,0.605815371,-11.69173494,7.98235382,-1,-1,1
92460,FO,3,-19.11486942,-11.61479181,-22.54126326,4.950719621,7.595728729,-22.49712582,-24.027576,-10.64367716,-1,1,-1
92460,OF,3,-6.589271367,-5.157386641,-4.969260216,-0.680589252,-9.238638043,-11.32912052,-6.140359869,-1.834921281,1,-1,-1
92460,OO,3,13.69177836,6.144857109,15.11561423,34.02966521,49.21960016,15.86142753,14.10482571,32.04419716,1,1,1
93471,FF,3,-2.014618774,-1.719468385,-6.399915692,14.70083654,11.89959682,-4.565529585,12.53841951,4.181802253,-1,-1,1
93471,FO,3,1.902360221,0.745806903,9.709502263,6.897781968,23.84140768,5.622180753,-3.57443587,-3.72584492,-1,1,-1
93471,OF,3,-5.130773683,3.022518069,-8.183351864,6.959321618,-4.1511603,-4.686971426,20.20502875,2.657704135,1,-1,-1
93471,OO,3,-1.11817844,-0.020256291,-5.086884138,11.40326973,-4.332874676,-3.594816711,16.83463754,2.039663931,1,1,1
94470,FF,3,17.55311567,17.17024953,7.11525419,39.32989228,4.251196623,0.984804948,-2.442760547,-8.281197955,-1,-1,1
94470,FO,3,-8.548519731,-15.90763019,-5.645980411,-1.190164374,15.61669628,-5.283329381,1.78572419,8.414751023,-1,1,-1
94470,OF,3,-15.95049632,-13.86854154,-11.8522536,16.19385802,15.53451101,-9.727444808,-8.201999744,-7.415037721,1,-1,-1
94470,OO,3,-13.02277974,-18.4163935,-7.587764422,0.256401002,3.033621073,-8.86444521,-7.369266272,12.04761248,1,1,1
95481,FF,3,40.75941006,6.6067738,24.66247691,13.14148887,17.92203951,26.50176456,21.49252346,22.80663088,-1,-1,1
95481,FO,3,28.02776162,41.53875309,35.97301096,23.50043503,31.93341589,18.319951,11.4961862,14.34764396,-1,1,-1
95481,OF,3,-12.39172888,-7.987946828,28.7832444,-34.58760722,-48.03971879,-20.52402735,-15.10829337,-22.5288353,1,-1,-1
95481,OO,3,23.4406174,-11.06432406,-16.00538492,-22.66497628,29.76391363,18.30847894,66.74061124,43.51239607,1,1,1
96480,FF,3,-4.344692489,-3.163325628,20.81015025,-17.73050086,-13.56991299,-15.11143255,-14.46369151,21.11134507,-1,-1,1
96480,FO,3,-4.949439625,-2.370559057,1.061851819,-7.104113579,-2.722516457,-11.74154806,0.810158134,14.21808412,-1,1,-1
96480,OF,3,8.790583313,8.377121713,12.41446484,-0.555154483,-3.094356298,2.207505703,-7.086002628,4.776966949,1,-1,-1
96480,OO,3,16.53700127,5.777049806,19.12121593,12.32107957,15.37671208,6.581618044,9.330732041,5.987272282,1,1,1
97490,FF,3,-9.6378268,-3.429553295,-5.973108192,-10.9742232,-13.2250607,-1.151343763,-2.033302267,-7.610747059,-1,-1,1
97490,FO,3,-34.1478488,-27.31105892,-30.94762117,-32.2962907,-27.38553421,6.391175555,14.10697536,26.58326299,-1,1,-1
97490,OF,3,15.89746932,10.99980996,16.69887807,24.3703139,18.32648026,14.08716255,10.81429422,2.284975648,1,-1,-1
97490,OO,3,-2.221043759,-2.404147368,-3.174389011,-6.280575719,-5.741820309,-7.179833127,25.62106089,22.7843147,1,1,1
98491,FF,3,115.0520773,65.88172428,126.0986648,125.986209,110.5773754,109.9761744,110.5394231,67.75401852,-1,-1,1
98491,FO,3,-61.67280555,-57.21437383,-71.25304214,-73.98289979,-67.73343734,-54.37754623,-54.4790597,-39.20329428,-1,1,-1
98491,OF,3,83.49425414,5.632831176,101.3110286,103.871295,101.1122812,84.8581833,88.74251763,-2.749474472,1,-1,-1
98491,OO,3,13.23368928,-57.65756377,26.1219523,25.81476557,12.90346587,-77.87790863,-77.2339228,-58.99197086,1,1,1
99500,FF,3,11.97925799,20.03663146,9.106768456,9.844075362,5.998534878,3.700917959,18.17686085,-5.964755297,-1,-1,1
99500,FO,3,3.4557523,-8.287596345,6.738472468,-7.729946613,-2.963457227,7.031523148,5.920861602,-0.156327539,-1,1,-1
99500,OF,3,7.402570493,14.24481817,4.153667616,3.465365887,-10.97363587,22.06387353,8.160620729,-1.030572494,1,-1,-1
99500,OO,3,14.69955548,19.59448198,9.884318835,-18.79647271,-5.171529015,13.36897699,0.23912855,-3.478537798,1,1,1