subj_idx,context,GroupCount,mean_F1,mean_AF8,mean_AF4,mean_F2,mean_F4,mean_F6,mean_F8,mean_FC2,mean_FCz,mean_Con1,mean_Con2,mean_Con3
100501,FF,3,38.02931531,-70.64568202,261.6963298,40.75028038,7.238779704,0.971704165,-12.27877172,27.33795579,54.63420984,-1,-1,1
100501,FO,3,283.0385409,108.1663161,89.28780111,8.707162009,24.15469445,70.09286319,36.09520891,13.54195054,97.76055029,-1,1,-1
100501,OF,3,114.6034879,-36.94067001,142.8133748,15.67846235,20.95261129,-9.493415515,-22.78004456,14.38544178,41.33718967,1,-1,-1
100501,OO,3,67.38652823,-61.92525864,112.0068359,-111.1736012,14.54475996,-28.21642526,-1.001185523,7.819983482,9.138413641,1,1,1
101510,FF,3,85.66889652,37.80853987,25.22238265,13.54759977,8.83690887,8.215570741,8.038832029,14.13261567,101.034731,-1,-1,1
101510,FO,3,20.91406043,-56.64036004,-65.13424746,-61.10074337,-59.59004879,-48.88208588,63.58787166,-67.65632232,-57.1660622,-1,1,-1
101510,OF,3,38.82921648,-2.272882938,-12.67360497,-21.02204235,-0.943185488,19.12640818,23.61519485,-8.159178257,49.08479367,1,-1,-1
101510,OO,3,48.55137682,-59.50961129,5.42097791,10.05629118,-18.89768887,-37.65771174,63.21912501,6.726215521,32.90736702,1,1,1
104521,FF,3,13.40441047,34.59933522,22.79763986,12.96326539,27.17712886,35.29211018,35.77040629,10.25341312,6.760632462,-1,-1,1
104521,FO,3,-25.87459331,52.74484203,45.11518604,-26.98288595,31.38276443,74.39515384,36.55863806,-19.82660937,-19.88689523,-1,1,-1
104521,OF,3,-20.95229975,-41.53601623,-25.20191888,-15.25463337,-14.00993931,-19.56718906,12.55516708,-8.149652402,-6.463784377,1,-1,-1
104521,OO,3,-28.38443947,-9.677343766,-28.62490014,-33.63721826,-25.48184661,-10.54770867,-8.593147953,-31.79187195,-28.2937506,1,1,1
105530,FF,3,-5.957493305,30.34339311,10.6461643,18.8949595,-5.664054235,35.06348419,55.6078217,-8.992259343,-12.46859487,-1,-1,1
105530,FO,3,-2.395883401,-6.601381938,-0.652318517,-8.526600679,-5.230885188,2.971141815,5.264352401,-11.32795461,-16.67262459,-1,1,-1
105530,OF,3,31.02473678,0.136834251,26.7884963,33.10076931,34.24436887,3.402158101,1.373200973,32.18780602,22.8570972,1,-1,-1
105530,OO,3,25.92579879,17.70197466,25.97546224,7.313999653,30.18681653,12.27354813,17.55214334,22.62902493,31.87249713,1,1,1
106531,FF,3,6.1504155,13.07847738,7.518544674,7.518714878,9.605214622,4.297200541,3.540383498,2.289114926,14.63962436,-1,-1,1
106531,FO,3,4.251899163,-6.788544814,6.64655447,9.962490426,-10.97073754,-8.219881316,-7.295330207,12.82897761,-2.691950401,-1,1,-1
106531,OF,3,13.76456571,-3.166874091,-0.583856106,13.16426089,-1.316284259,-4.291137,20.85801999,2.46449595,10.15481512,1,-1,-1
106531,OO,3,14.13364148,17.91433636,14.71424214,9.703281376,16.53881409,20.34287832,21.16367006,1.960787058,2.890438477,1,1,1
107540,FF,3,28.28270637,20.32015684,24.71350278,19.77064943,29.30399609,14.53358634,43.07575348,7.21693635,23.94757069,-1,-1,1
107540,FO,3,27.16463894,23.56693215,21.83992439,36.27075847,51.0485913,23.3836929,26.91118489,62.72648549,41.49037287,-1,1,-1
107540,OF,3,24.16743639,10.32745308,20.04757871,20.20522451,15.66995271,30.63951286,30.1366513,36.63542247,24.85772059,1,-1,-1
107540,OO,3,16.50950792,10.77593814,17.46483284,16.60463349,27.98321056,14.03093131,6.498299864,41.7739621,15.78267659,1,1,1
109551,FF,3,66.7256652,30.62488937,-7.112599691,28.15976689,-16.06282843,31.09927185,20.15526554,15.59624577,56.9444002,-1,-1,1
109551,FO,3,0.949532827,1.723950704,7.868005117,-5.50255537,-1.479730977,9.727211555,-2.141945998,4.868642489,5.082598845,-1,1,-1
109551,OF,3,15.33812417,7.290334066,14.25797526,10.92480188,1.714583238,-0.765582641,2.238047441,28.54887104,53.47849597,1,-1,-1
109551,OO,3,12.24407154,-18.37017186,-11.5270373,10.85195388,-13.40394576,10.13938069,13.76750845,25.05515258,20.6684182,1,1,1
114570,FF,3,33.05149526,-3.820586205,31.70294913,25.60332115,32.55502711,19.90569284,16.85748217,35.66204574,40.2863485,-1,-1,1
114570,FO,3,0.314048052,49.51188416,43.81798434,-3.721222798,-6.510781288,5.185683144,20.34569857,-7.982200464,-7.549077193,-1,1,-1
114570,OF,3,-18.67014066,-1.803628604,-7.844637632,-10.91102242,-10.86085288,10.10003111,21.93578392,-8.738662561,-11.26594146,1,-1,-1
114570,OO,3,44.05173686,-3.329838117,12.6390156,22.60383105,24.1441022,8.119966507,9.476606263,52.6205749,44.45399936,1,1,1
116580,FF,3,-67.75019717,-23.57962624,-53.98157422,-11.44129602,-61.80218871,-35.12748504,-19.23556876,-9.90119187,-81.31581608,-1,-1,1
116580,FO,3,4.033328878,5.328803539,9.438413673,18.01764894,16.23745818,10.33280296,7.864543676,24.95524073,24.84845294,-1,1,-1
116580,OF,3,45.49017066,14.96785307,38.50379504,54.64120698,39.3671102,20.80930824,10.09726628,54.00771443,54.98833863,1,-1,-1
116580,OO,3,-10.61166014,-5.785341104,-10.93986124,-13.81170313,-18.02345006,-7.214011961,-4.356367985,-27.82763147,-29.22280105,1,1,1
117591,FF,3,-4.60475519,97.30294662,60.95959918,3.403626813,3.782110002,33.27714268,12.30073277,-6.15790293,-5.560312404,-1,-1,1
117591,FO,3,-51.51199214,-108.1602316,-114.8661925,-62.350142,-76.41472499,-53.04954767,-29.85527786,-40.54098288,-41.1636312,-1,1,-1
117591,OF,3,-12.02252007,-95.57078457,-31.23645973,-9.027269204,-19.82518514,-17.38445838,-20.07169008,-10.09607686,-11.53052184,1,-1,-1
117591,OO,3,-1.068271637,-33.08402284,-41.80293973,-17.0501008,-37.88732656,-22.95074638,-9.45698595,-5.127693494,2.854759455,1,1,1
12061,FF,3,8.287136343,30.66714541,61.43271377,47.49791198,3.23403973,-0.578523954,-8.70461305,6.772023969,12.80990394,-1,-1,1
12061,FO,3,3.459892538,32.00518354,33.1528092,-5.129869779,-21.87467639,-25.5037082,38.39491855,5.078456958,10.31950426,-1,1,-1
12061,OF,3,-21.08361991,75.67090925,21.3481395,-4.745722983,0.276539909,7.076019181,107.2480105,-14.60714269,-17.33410184,1,-1,-1
12061,OO,3,-33.81302754,82.05749957,63.36402125,2.049761136,12.65293418,3.945722474,36.73260064,20.84160405,-28.23432398,1,1,1
127640,FF,3,11.0132903,-9.695437352,4.215886434,20.61416578,6.361518939,-3.016845663,2.347069263,28.62530367,24.91982386,-1,-1,1
127640,FO,3,11.52130244,3.54622515,12.37463718,12.72214842,6.444397847,10.40396331,12.4818511,9.73355333,10.14468246,-1,1,-1
127640,OF,3,11.82788075,12.98831423,-4.485261281,-10.8493336,10.32812715,15.571501,12.29467662,13.29930345,14.67743545,1,-1,-1
127640,OO,3,19.54455047,15.68549848,54.03807873,16.6680433,39.59455911,35.09933131,32.25006978,49.85409697,10.34480148,1,1,1
128641,FF,3,17.87471807,1.000400649,21.78530594,15.03500026,30.06528719,10.33882162,3.240596506,16.15625596,17.67284584,-1,-1,1
128641,FO,3,12.36426326,-3.1504577,19.05644826,12.26801895,-7.717501879,-4.128521264,-7.025177479,-12.58368659,9.577245076,-1,1,-1
128641,OF,3,7.670236866,2.436446614,3.625338674,13.65636467,18.72585342,10.24875916,5.631759061,19.02694345,17.26978874,1,-1,-1
128641,OO,3,11.54057785,-13.37984244,11.66925339,18.17612861,12.85127558,4.9955153,-4.071759701,-5.29969732,7.611105601,1,1,1
130651,FF,3,-8.007065058,-21.50703239,-8.359794935,-2.366688808,26.23144654,-8.651930173,-0.643207073,-4.95619907,5.558821109,-1,-1,1
130651,FO,3,5.592824221,-156.3657843,-72.53413423,-8.294344982,34.62870912,-25.42473443,-22.79967642,2.842246354,-3.861283898,-1,1,-1
130651,OF,3,20.36136508,-42.69622866,-18.60040824,10.89637489,-6.7882183,-38.72046121,-27.14512523,9.872981727,6.305233094,1,-1,-1
130651,OO,3,24.57803973,30.98289469,50.87034978,10.16101379,13.39730513,30.49581454,19.82528893,5.686187367,6.762307869,1,1,1
13071,FF,3,-12.21243358,-1.925819238,-5.426623424,-12.3246758,-11.99541966,-14.51710804,-22.51679301,-16.5235544,-20.11086351,-1,-1,1
13071,FO,3,6.81885208,18.64187924,10.18355547,-1.19658637,7.278644509,26.97278327,20.60388668,7.893386443,1.167393241,-1,1,-1
13071,OF,3,-15.75597421,-43.41465044,-34.19715063,-5.937886477,-8.535734653,-24.55518444,-8.467179696,-1.10222888,-4.989440103,1,-1,-1
13071,OO,3,-22.55113165,-42.70405944,-20.64475099,-2.744135141,-23.30903133,-31.88607097,-16.60823671,-30.75393987,-22.69616618,1,1,1
131660,FF,3,-13.09476244,-6.877204498,-9.231839498,-20.60034927,-12.90682538,-5.98262318,-3.965496063,-7.670870741,-6.41817375,-1,-1,1
131660,FO,3,16.23756844,12.5455473,18.34202756,13.38126961,9.327826288,10.63996911,7.628316455,5.980985125,4.908581535,-1,1,-1
131660,OF,3,-10.80316047,-2.057357709,-18.08603923,-2.005631606,-7.691045125,-2.010094563,0.965817451,-5.980075955,-4.873627702,1,-1,-1
131660,OO,3,-6.219044964,-18.85117586,-15.29524453,-5.536731879,-8.689153989,-12.49245842,-13.3134915,-8.449661215,-6.969589194,1,1,1
132661,FF,3,1.211635749,33.37492481,-22.87805208,19.32096942,61.866611,21.34308616,16.06698126,10.15029001,10.51319186,-1,-1,1
132661,FO,3,-10.09587208,16.51480594,44.0590548,-24.00150156,13.71252426,3.619404872,16.77538072,-17.25947968,-17.68336805,-1,1,-1
132661,OF,3,-13.18043237,32.37309918,21.04279147,-10.11064715,53.24139071,27.25357763,35.22675678,-6.401431666,-3.691721386,1,-1,-1
132661,OO,3,-17.53315465,2.594198055,-73.177797,-22.16666079,46.01707538,-33.683676,-43.06416941,-30.70086368,-38.99188805,1,1,1
134670,FF,3,4.517540455,21.97131403,24.65162913,-6.084585985,10.54063466,24.17054374,12.03775009,-6.989840508,-7.205811342,-1,-1,1
134670,FO,3,30.89018657,16.28588478,20.95342,26.70076206,14.10780448,19.77106278,18.85259559,21.19235643,31.14567327,-1,1,-1
134670,OF,3,10.49301375,10.24810084,9.901930491,13.73337401,12.74198582,9.801438583,6.141108142,33.49410597,-21.5768555,1,-1,-1
134670,OO,3,8.450056447,28.12642233,-9.125125885,12.73800569,1.18977507,3.64317633,24.27405617,-5.247124672,14.45849117,1,1,1
138690,FF,3,4.127735138,-0.794232421,8.937364684,78.28409608,74.23974188,56.42789364,58.8780973,85.68342145,45.93848636,-1,-1,1
138690,FO,3,9.916511112,-25.87201611,16.73341592,10.5846849,-6.429539601,21.67468802,40.48331475,3.791419347,18.0610724,-1,1,-1
138690,OF,3,-6.674208323,71.61744335,-10.21125317,27.9312387,-20.26163316,-2.741490364,16.96486433,-17.28885587,-15.2441535,1,-1,-1
138690,OO,3,-42.14647039,71.9084203,3.283445464,-19.0386076,-19.22840079,-10.62387625,-16.60557167,23.48666276,32.54131227,1,1,1
139701,FF,3,92.63858488,129.246094,29.24856393,98.80156957,20.44228045,70.00870519,16.12776242,22.27489614,110.0270608,-1,-1,1
139701,FO,3,15.9041357,-8.069903692,23.13802926,2.891110579,2.865461349,-6.078762213,-15.83386183,-6.312944571,11.888333,-1,1,-1
139701,OF,3,44.65470431,112.6506706,98.96267112,72.22553502,57.41633288,52.67053864,60.11090856,53.36666632,44.05418205,1,-1,-1
139701,OO,3,77.49706978,62.27324655,91.40520398,82.31218725,71.86245282,59.00060532,48.79088725,76.81945785,85.88598315,1,1,1
14070,FF,3,11.27474952,16.55356105,15.89967585,10.97897589,5.22922296,-5.553836187,-4.387582541,0.296497454,20.02058257,-1,-1,1
14070,FO,3,-9.580394983,4.64839983,19.68859593,14.5834236,6.995309538,33.39794816,4.745728784,-11.01134798,13.76887359,-1,1,-1
14070,OF,3,24.14442621,-10.92288287,21.0150768,22.75425276,39.47053493,11.15064345,4.984277381,27.68132354,46.57534488,1,-1,-1
14070,OO,3,9.664711767,45.09248686,-12.81886339,19.2658704,18.72956374,25.11050521,11.78485174,36.67769322,15.47283146,1,1,1
150751,FF,3,27.13694557,-14.25829633,-26.3645335,49.5168404,25.18217786,-13.40791861,4.305770285,25.07889149,11.0033361,-1,-1,1
150751,FO,3,1.39453427,-8.220188777,-12.76279966,6.41861407,25.01153819,4.116418521,5.462263472,17.23379872,7.335763441,-1,1,-1
150751,OF,3,18.30613502,-13.96815173,-15.43121982,35.02428924,54.34939194,-23.06506983,-1.862698734,40.31011862,16.57847136,1,-1,-1
150751,OO,3,3.002275944,12.15427123,16.48911028,125.8984076,0.7674764,11.09383011,3.994017965,20.49598159,10.01345649,1,1,1
15081,FF,3,-22.24854883,-13.91708088,-30.07776626,-20.67344284,-16.37357044,-8.949916681,-7.742345492,-20.89431922,-22.70750777,-1,-1,1
15081,FO,3,-9.365265846,6.689505365,13.92027617,-19.94455846,-16.27817885,0.059940497,12.84096898,-15.47752031,-18.23806604,-1,1,-1
15081,OF,3,-9.512370533,-7.279403263,-1.088177734,-1.796065013,4.391247325,60.44019355,45.97160096,0.321345753,-2.159504679,1,-1,-1
15081,OO,3,-17.37644143,-10.01713075,-19.59480715,-7.546642303,-0.708504465,51.03119697,40.24833308,-6.468582683,-11.32127455,1,1,1
151760,FF,3,9.073579841,12.19532037,12.31327958,17.09690483,15.19801021,16.68962371,9.213342998,21.38706913,23.07407345,-1,-1,1
151760,FO,3,-7.248971886,19.80167747,18.32054128,-7.387374957,26.01924682,24.15682582,10.2393764,24.72721793,37.6709471,-1,1,-1
151760,OF,3,-20.8284351,-14.40094177,-17.0289367,-24.63784544,-12.71682541,-12.28742603,-17.85444764,-15.71955917,-27.1334188,1,-1,-1
151760,OO,3,-6.922312895,-0.446896633,0.899702814,-0.80889535,24.62376062,18.2443248,-12.64201621,-11.44287409,-3.751463334,1,1,1
153770,FF,3,19.78508927,1.281502724,7.942935003,2.176989443,1.774941719,4.554021623,-11.59849373,16.60540607,26.63817374,-1,-1,1
153770,FO,3,17.56189451,6.791385969,28.04826703,9.399250872,15.84309519,-11.4486866,9.525312795,6.507924769,-12.48279158,-1,1,-1
153770,OF,3,18.91635936,140.4377966,1.05345632,2.008315066,13.01338764,-5.200287183,-49.19940519,3.641774972,15.2253046,1,-1,-1
153770,OO,3,-0.238985658,-4.204270999,0.848735531,-3.527886093,9.70030526,2.09097449,-2.734497971,17.20033609,14.01325957,1,1,1
160800,FF,3,92.88001325,-58.34119415,75.11604489,12.96803395,12.19382238,52.35500309,28.99182849,-1.673322837,-9.563132445,-1,-1,1
160800,FO,3,47.80412473,77.71566179,102.0929751,32.90010447,51.19162491,28.23356401,42.54224353,65.36897643,77.55866978,-1,1,-1
160800,OF,3,-32.79519367,-117.468572,67.84919813,16.35762273,56.13123571,8.825308747,55.46718131,20.52932247,34.89615658,1,-1,-1
160800,OO,3,-36.24339644,43.86721971,-21.82239246,-17.07546631,11.38765849,6.372271485,21.31841999,37.03317372,-9.814112716,1,1,1
16080,FF,3,42.39888811,16.96666945,13.12881343,50.79998165,56.48013263,63.34268914,1.335913923,41.70050891,35.48455064,-1,-1,1
16080,FO,3,23.353079,-25.67213202,-35.79190954,29.94313664,38.72847027,31.21904029,21.63829999,28.93045473,39.16446956,-1,1,-1
16080,OF,3,-13.63535833,-13.90518586,-21.446462,18.90528213,30.66935772,40.36873664,19.34145032,20.32958778,-14.19102558,1,-1,-1
16080,OO,3,-8.376074632,10.10771799,6.793034871,-4.398821513,-10.55356725,-8.917812506,2.186775684,-6.998432,-15.08331887,1,1,1
17091,FF,3,-5.158812761,-13.82833608,-8.915118059,-7.706846476,-5.991048932,-12.18199174,-11.04671848,-5.538772424,-17.0110124,-1,-1,1
17091,FO,3,-0.908282783,1.38541317,5.319968383,2.222276449,2.224228422,2.157439391,2.485803246,-3.969912052,-2.704872767,-1,1,-1
17091,OF,3,8.58321076,-0.272211605,16.55342521,-2.31170853,-1.383307444,0.234873878,1.390171462,-0.511665079,5.42875735,1,-1,-1
17091,OO,3,-16.43192665,-2.127241347,-6.689764341,-17.19465121,-14.02464402,-6.271343761,-3.332379566,-18.07752212,-17.06551425,1,1,1
19101,FF,3,-16.64566771,-22.7892952,-42.26795737,28.5734255,31.06748851,33.16225566,-27.5740846,38.40969902,23.07137834,-1,-1,1
19101,FO,3,10.49892966,-87.09806442,-30.75920137,2.464127223,-8.591472149,-17.25047922,-41.86594327,21.89879767,14.52355528,-1,1,-1
19101,OF,3,7.267921978,2.314556122,15.34894382,18.9728561,19.87526973,20.21237061,9.394032584,19.52643765,18.46946997,1,-1,-1
19101,OO,3,74.87223381,-9.145331065,3.585092651,78.72820261,68.00245269,6.654539797,-1.462726805,71.71678617,65.76317061,1,1,1
20100,FF,3,1.697687109,0.183361848,-10.53034465,-20.73523327,-16.20239381,5.582888113,8.988211181,2.483526091,-0.332712577,-1,-1,1
20100,FO,3,-2.448157112,-3.978142579,-4.075912793,-6.48513329,-5.308012446,-3.826990008,-1.588827054,-3.884925306,-2.246888419,-1,1,-1
20100,OF,3,-4.655893445,8.537779861,-6.821086884,-12.84525724,-8.012616913,13.85855883,7.450503164,-4.265318652,-1.48301055,1,-1,-1
20100,OO,3,11.58878068,5.846911483,5.142876201,10.07204126,5.24659227,5.766379502,3.475211276,12.11572538,17.0618441,1,1,1
22110,FF,3,4.125259757,7.267482228,20.0246982,15.84319448,12.92069875,72.5301005,71.33494099,11.87605045,10.08022589,-1,-1,1
22110,FO,3,-16.53813891,-19.8755827,-14.83971167,-17.06339788,-5.120350043,-12.37672551,67.07751425,-5.910080194,-8.442542235,-1,1,-1
22110,OF,3,-2.421873212,-9.8528791,-9.868660132,-7.387093067,14.00349548,-24.88747406,-12.60430408,20.19256197,18.912729,1,-1,-1
22110,OO,3,-15.14560084,-34.56470394,-13.81377045,-0.756695271,37.14830404,46.54097578,0.09993275,24.19912834,19.64798329,1,1,1
23121,FF,3,8.908549673,10.00065361,12.08138038,12.55543366,10.91889575,11.67620831,5.516557746,16.12344094,15.0173923,-1,-1,1
23121,FO,3,21.43804364,23.27249397,23.38798824,22.97328719,22.54955479,26.07532901,3.651000394,12.33613511,-2.685370644,-1,1,-1
23121,OF,3,5.191956884,-4.175945838,-9.228618741,6.260960162,1.92084386,15.96201179,-3.343683402,23.4115752,19.17404539,1,-1,-1
23121,OO,3,12.96927965,10.53709483,15.7812133,13.06931153,13.50628411,16.17757143,8.670363797,13.82436105,12.97763044,1,1,1
24120,FF,3,6.307988299,0.190471755,-1.599502007,5.307589663,6.010300159,-3.22926222,-40.75076882,11.40362369,64.55371457,-1,-1,1
24120,FO,3,24.94769014,-54.08831628,11.93349385,27.85595812,24.84477727,-52.18533794,-190.5523582,23.88743093,36.50938816,-1,1,-1
24120,OF,3,-13.08536585,-32.49494394,10.86910669,-20.21949188,-24.65477165,-28.5967807,-59.09227832,-10.76588917,-3.333288272,1,-1,-1
24120,OO,3,-1.042859581,34.10749446,31.81958954,16.50778561,17.81328885,36.26781064,42.04946534,16.86923991,17.6696385,1,1,1
25130,FF,3,22.61918259,-26.08212662,10.25797904,18.82299721,23.56267034,10.8649334,34.66877241,17.16051458,16.82339601,-1,-1,1
25130,FO,3,21.43953451,18.10581419,1.194950064,9.50853924,-14.85255257,-7.216463844,56.2337571,10.09497872,14.89157482,-1,1,-1
25130,OF,3,7.667682648,19.01144536,0.258280317,-17.11112336,-6.880912304,17.28744418,27.45908099,-10.69108784,-13.87743199,1,-1,-1
25130,OO,3,5.292561849,-42.33598455,7.651526093,-0.488747478,-38.85267464,32.7735274,19.42736051,3.234719343,5.672676682,1,1,1
26131,FF,3,28.4444628,6.293456713,25.99956957,17.92469803,11.35095326,12.17867197,5.20268427,13.37313318,11.63638896,-1,-1,1
26131,FO,3,-10.46161993,5.160792775,88.22698784,24.82517131,-9.901997089,-7.729834159,20.96949972,0.216067791,1.197858095,-1,1,-1
26131,OF,3,23.13633445,64.79352495,13.02516111,19.47389873,22.80807161,19.85079492,24.04867758,20.98239152,26.04081326,1,-1,-1
26131,OO,3,22.67143856,3.291195658,-20.96215121,21.01694377,23.24936819,-1.155740288,-1.649087032,24.13910309,30.58399818,1,1,1
27140,FF,3,71.2829121,166.8857409,110.0523883,76.34960328,68.73069196,59.99045981,11.13417236,44.12305774,58.82974301,-1,-1,1
27140,FO,3,-13.39905691,26.58454005,-0.415323681,110.7741898,-3.111593299,0.590368536,-10.83075786,46.43831184,-3.956544823,-1,1,-1
27140,OF,3,8.651411215,-4.090872447,9.217326482,21.35667213,18.55936607,6.057932695,43.19621809,18.00005547,11.37217792,1,-1,-1
27140,OO,3,32.96931569,-11.72416306,-51.01167488,44.04475503,45.23009295,60.19312196,59.79180042,37.49666156,31.74097893,1,1,1
28141,FF,3,-8.738769253,-12.77034708,12.4390503,-11.77036572,19.8259502,14.66281716,19.23396646,-16.47796377,-10.16514047,-1,-1,1
28141,FO,3,-11.84465826,5.505001081,-3.682212035,-10.80904579,-2.962902705,-4.347632885,-4.475517114,-13.92587852,-14.41169389,-1,1,-1
28141,OF,3,23.15268783,14.70117568,19.15127028,22.75379965,21.91148843,16.70596075,22.55660031,24.59928894,22.64262337,1,-1,-1
28141,OO,3,16.51971614,-16.23095381,15.45435741,16.93708526,17.04978667,-11.19208479,17.69380024,-6.151758194,16.190565,1,1,1
29150,FF,3,-34.34777085,-16.30486798,-27.76528184,-28.11941179,-21.29337486,-11.07816736,-10.52493731,-14.71731297,-21.68677711,-1,-1,1
29150,FO,3,-17.84217215,-12.54914085,-12.66321707,-12.01369254,-15.78820721,-16.03338599,-13.54010137,-21.02034616,-24.0223128,-1,1,-1
29150,OF,3,38.19265869,29.7070974,33.11017052,36.95410103,37.23919196,27.55136731,24.25757366,34.27898836,42.31361538,1,-1,-1
29150,OO,3,45.88419347,32.78621735,48.41669766,52.5532181,40.84096628,31.78414549,34.51663314,41.55643924,50.28225814,1,1,1
30151,FF,3,18.10840935,-6.25413233,1.205164115,14.59147972,0.276281118,-3.188914498,-4.725014607,6.832419038,19.97352664,-1,-1,1
30151,FO,3,27.64594576,-0.870402634,13.96481562,19.8909269,8.574812386,4.457895478,2.686788321,4.810008963,12.5457255,-1,1,-1
30151,OF,3,-5.24815019,7.268842532,-3.025591373,6.457306643,4.381273084,-0.093447328,0.514811595,-3.406112154,-5.042722066,1,-1,-1
30151,OO,3,8.213526514,3.737497813,4.616464456,3.385683993,5.128646983,7.2174745,8.443503936,2.009326498,-1.135214488,1,1,1
36181,FF,3,5.259050528,6.065597296,30.44875683,35.65258153,33.32102905,20.69446251,10.35293535,50.19792544,-2.831737598,-1,-1,1
36181,FO,3,3.532751136,-8.073162158,-17.27498221,7.107229869,-19.65598941,-14.38938411,-2.780376712,15.79857903,2.590891494,-1,1,-1
36181,OF,3,63.48068794,-1.894667864,8.509765916,14.50657272,11.65868688,0.614761617,-0.578695655,6.277975851,30.69365949,1,-1,-1
36181,OO,3,34.27390612,-0.721601089,37.49079294,11.4217364,25.20402593,4.788268354,-10.99426941,2.221582174,54.71361417,1,1,1
37191,FF,3,8.88580717,-12.8443021,6.125796583,31.74368858,29.86418711,-1.514367739,2.366247296,36.68638441,37.36003049,-1,-1,1
37191,FO,3,44.50219205,-11.58508865,-0.358976417,20.99265099,28.67702789,13.84962368,5.932614684,0.911986033,5.645235062,-1,1,-1
37191,OF,3,17.7470679,10.27319519,44.25874779,22.07852491,16.07696838,7.443692207,5.199127237,10.20203145,40.23598162,1,-1,-1
37191,OO,3,0.862592459,0.590088288,-13.50055901,-9.731563568,-13.79432336,-3.979006131,-3.899068077,12.65284136,-14.61234474,1,1,1
39201,FF,3,7.893498023,34.57413154,23.60447719,10.50101789,7.252693017,8.69913276,21.46893631,32.51807822,12.20433866,-1,-1,1
39201,FO,3,0.526290019,15.75821357,-22.43552446,7.280272802,-25.57045794,-18.93976323,-18.29749751,-5.989018917,-11.19853417,-1,1,-1
39201,OF,3,42.14574758,0.041035016,46.30845743,13.12467384,5.295013587,4.876917044,-17.996653,39.93809345,31.63388957,1,-1,-1
39201,OO,3,-25.06765644,12.25271469,-5.855953693,-3.934315364,-5.590425332,-8.504309177,10.27176409,-14.41096767,-8.221160412,1,1,1
44220,FF,3,-15.06713808,27.18128975,-16.600197,36.22238657,-10.76227045,22.31041484,-7.05938975,-21.55886825,-10.1196748,-1,-1,1
44220,FO,3,19.67872364,1.397873004,23.12723197,42.43512715,12.03372579,11.24345165,-16.08707428,30.62404426,6.930949913,-1,1,-1
44220,OF,3,31.21746446,20.13879784,-20.27749968,-10.64788342,-7.42310063,71.96480497,46.17962265,19.18447161,-5.683899999,1,-1,-1
44220,OO,3,31.05555599,48.21452848,44.10031727,31.44918813,38.58676142,32.93713146,21.04349264,38.26864926,24.50584691,1,1,1
45231,FF,3,0.93244648,107.3311223,-16.2801226,26.84516133,32.72031387,-8.05417943,68.58860426,-17.23883136,4.28872527,-1,-1,1
45231,FO,3,32.5809395,139.1004857,51.20083041,30.25293467,50.31951125,74.92828981,93.95330967,20.63000419,15.08237494,-1,1,-1
45231,OF,3,-20.93494829,41.25979005,-17.874029,-29.45133877,45.5070316,16.34265669,17.87126189,-32.42023738,-37.97945547,1,-1,-1
45231,OO,3,8.462345229,-66.31621345,15.17431964,-5.025515556,80.16022507,-40.21829025,-48.99036702,6.504601002,9.15657409,1,1,1
47241,FF,3,10.21894333,85.76888265,12.88256902,8.449613611,12.70677996,10.25853292,-2.058770657,5.779151917,4.2542153,-1,-1,1
47241,FO,3,13.30603509,74.32941935,24.92865623,-0.010625799,2.505809142,3.119941314,3.4148807,0.010457834,3.138449728,-1,1,-1
47241,OF,3,3.967889733,-7.24570179,16.11506936,-4.732215683,-1.210217973,0.45634373,4.288037565,2.335552057,12.35316302,1,-1,-1
47241,OO,3,0.42013216,-20.1716458,9.646733681,8.629556934,6.339903348,13.64901185,-6.031943162,6.842794577,-4.16109703,1,1,1
48240,FF,3,39.09484821,214.7570782,256.1275109,136.6593675,325.9244711,418.6045623,172.5128966,24.81402424,287.0856357,-1,-1,1
48240,FO,3,48.81748496,-253.7754167,-484.4214223,-199.7234357,-381.5875181,-483.0191784,-93.76769638,34.2694406,362.7657505,-1,1,-1
48240,OF,3,-2.074426015,23.12393252,194.9811893,462.072912,774.9469888,919.7031973,326.5975973,45.66597149,973.4613546,1,-1,-1
48240,OO,3,54.35782072,-306.927201,-404.1104889,-23.94841131,-465.4827817,148.2849823,-136.2948469,32.52836699,215.4434441,1,1,1
49250,FF,3,8.788778941,-18.51623329,14.78570271,56.71230984,31.08846182,0.8268013,-21.28358698,-10.15678755,-7.201094627,-1,-1,1
49250,FO,3,4.607147217,-22.37545061,27.50955359,29.93192132,15.53979773,8.937826369,50.21835746,-10.17937374,12.6594589,-1,1,-1
49250,OF,3,22.05595779,4.596249527,13.47191334,5.910358111,22.44450278,12.49317445,31.85760535,2.453614659,15.67439853,1,-1,-1
49250,OO,3,12.95832189,5.675242371,6.348727226,-32.5757494,-12.408065,3.740279728,-23.23914194,11.18942081,13.00400617,1,1,1
50251,FF,3,-1.693126678,6.756276475,-1.453302317,-10.3678666,-7.367674033,14.98551501,-3.00487211,-10.57932907,-10.81708246,-1,-1,1
50251,FO,3,-29.35452652,-8.326909304,-31.43199281,-24.00408483,-23.16144927,6.861340794,-5.767343521,-35.24385802,-42.76310841,-1,1,-1
50251,OF,3,-6.698387782,-42.31437198,24.49777464,3.441666365,13.30359793,6.410107791,-1.942766507,-0.013752302,-5.300267061,1,-1,-1
50251,OO,3,-35.52479617,5.612243679,-19.24465954,-24.86051742,-24.50237449,-0.686434567,-0.461049398,-18.84917863,-21.11982044,1,1,1
51260,FF,3,-13.45125755,8.145539549,17.77401166,67.32837603,88.29553562,-1.300388018,26.90653133,54.84489017,4.833573818,-1,-1,1
51260,FO,3,-33.07781776,50.76046112,-13.17550961,-46.8459781,-59.62435659,-59.71682262,19.20963828,-25.80425135,-27.04651594,-1,1,-1
51260,OF,3,-20.24263302,17.77206797,9.570164416,14.8978548,15.04515076,-38.6143535,4.868187269,-10.63699214,-11.84685469,1,-1,-1
51260,OO,3,27.29398563,-20.71867768,32.30845637,82.24144671,46.45825365,70.68335629,21.6298488,11.27138117,52.83007415,1,1,1
53270,FF,3,-0.901030143,76.44151635,-5.159464518,-6.572542508,-15.60521392,-10.42475613,-11.37789448,-17.57000136,-13.58315794,-1,-1,1
53270,FO,3,-3.303678433,88.60666222,-1.313470205,10.26819367,8.183980319,12.22336062,7.777246237,20.19314212,13.80935184,-1,1,-1
53270,OF,3,-11.8642029,-49.2507747,-7.834268146,-2.519037777,0.805322025,-3.586331129,24.85062877,-8.231924507,-9.937704643,1,-1,-1
53270,OO,3,-47.39734292,23.01480431,-41.26243401,-44.54741255,-37.58001133,-34.73610457,-15.74449929,-47.26039322,-53.72322504,1,1,1
54271,FF,3,4.424513393,41.9620417,14.98746475,4.154938009,131.1739161,-24.81686325,-28.89897781,-15.97941531,10.9107066,-1,-1,1
54271,FO,3,-7.489689191,-63.80354579,-14.23684899,-11.36869351,114.0529851,-20.28806705,-60.74163808,-71.96577787,-6.53049922,-1,1,-1
54271,OF,3,45.19529671,-30.15350962,-12.42578808,28.71045595,212.9542955,-10.68655833,-33.62185404,-36.02290985,-10.77536527,1,-1,-1
54271,OO,3,26.3989456,-145.4790177,-52.01950884,12.93535895,29.79711342,-52.9532311,-100.1663052,-65.00639677,28.01494559,1,1,1
56281,FF,3,5.537989457,-4.052708983,26.66497368,-9.635475,-12.69399802,-5.97582682,63.90231429,-23.11288643,-26.531353,-1,-1,1
56281,FO,3,8.910753091,2.61235551,-3.776736895,-2.897030989,-2.807072004,-1.367390235,24.77360132,-7.26763471,-5.993147532,-1,1,-1
56281,OF,3,-0.320749124,1.444115096,11.09023847,-1.77638536,2.668796221,0.923093822,-33.38987414,-2.829199473,-5.456784142,1,-1,-1
56281,OO,3,10.4283398,-6.053434889,-9.402774493,-16.96440808,-5.617426236,-3.022293965,95.73186345,-15.03819529,-26.1485405,1,1,1
58291,FF,3,15.73249825,-0.845562379,0.385974924,8.18073837,-1.479319771,-4.292533159,-5.572856704,10.82282231,19.24612967,-1,-1,1
58291,FO,3,16.28142465,-8.631782929,17.58157223,55.07459368,22.19651727,0.807406452,-5.624672532,-20.77436018,7.68850867,-1,1,-1
58291,OF,3,64.84787578,21.63120982,48.24509047,43.06764966,27.7606703,16.68403114,0.119169593,40.71791993,-1.243202527,1,-1,-1
58291,OO,3,6.607086261,5.411146667,19.39800137,6.889890591,4.678668459,2.448703157,-1.357861612,-10.77838341,-4.774082502,1,1,1
60301,FF,3,-6.336498618,5.764674723,-11.37574915,-16.0638361,-12.45257092,-2.505773412,4.140875465,14.05799614,21.61263572,-1,-1,1
60301,FO,3,52.45254107,3.203018089,-16.00764914,-25.96142038,4.154568672,6.154660675,3.998622861,45.80501167,27.89533001,-1,1,-1
60301,OF,3,3.993722558,12.94834751,14.61025915,20.57719485,15.8178091,18.08333156,11.01711563,12.77944446,5.15875117,1,-1,-1
60301,OO,3,3.546236131,7.015153786,-1.85942577,-3.906489054,-0.539394538,-9.941760937,4.386733499,8.356653876,11.87767834,1,1,1
62310,FF,3,25.62713999,93.06599893,30.52865664,25.68718115,23.48698616,58.82326847,60.17682446,25.62160762,21.56498824,-1,-1,1
62310,FO,3,7.289033201,-54.2981987,12.99900076,3.195628378,11.47608079,15.82789188,17.12453768,-0.500353018,-10.89722082,-1,1,-1
62310,OF,3,69.75625743,139.7356622,74.65540547,67.73395994,77.36350102,78.5207918,78.34357908,70.85930713,1.090512382,1,-1,-1
62310,OO,3,64.63024516,137.2242283,46.4913133,58.34312089,68.92159208,59.73427412,55.14006604,65.85426505,68.67596542,1,1,1
63321,FF,3,69.22555876,-42.5112354,65.44455539,-30.21869691,47.38718269,18.04718865,256.7541498,-48.36670939,-9.989293655,-1,-1,1
63321,FO,3,14.12842894,-48.41938321,-21.36996237,-70.69206333,37.54850878,47.54763116,-145.3019835,-33.404786,-73.21586537,-1,1,-1
63321,OF,3,190.2024436,-21.16745234,95.94578478,-4.055466652,138.3463582,85.23138767,543.5805047,118.1035695,22.18141039,1,-1,-1
63321,OO,3,85.67306852,46.64516285,-18.8617684,57.94954438,66.55683499,9.869959513,-317.2232889,-138.4723854,17.96625384,1,1,1
65331,FF,3,-4.621179899,5.853051821,16.63149261,-3.71233209,19.99715307,10.46588914,4.028229316,12.91602633,12.02201271,-1,-1,1
65331,FO,3,3.45765845,9.049931208,-4.921624502,6.593215836,-4.424862862,5.145570914,2.648336808,-1.636210442,11.01009687,-1,1,-1
65331,OF,3,10.48462052,6.293319702,5.813265483,39.72129324,7.858371841,14.52668969,7.101046165,36.45717314,36.41023318,1,-1,-1
65331,OO,3,12.66196834,5.030330022,34.51422882,-4.514805158,29.21035756,9.883644899,14.00845472,-1.896672249,-4.246405919,1,1,1
66330,FF,3,-3.226773262,10.87291039,-10.15752506,-5.437642892,-8.453329722,43.95087083,-5.594832261,-5.597325166,-3.05746905,-1,-1,1
66330,FO,3,3.673352242,6.172647688,25.92436292,2.70022334,-6.04095353,97.56416162,-5.039980094,3.35343292,10.56534025,-1,1,-1
66330,OF,3,-16.14034621,11.78236983,12.001082,-12.48889399,-14.15900739,80.68310706,14.02463018,-25.81896162,-35.60303561,1,-1,-1
66330,OO,3,-13.36113834,10.60978593,-4.465314547,-13.93071222,10.91946157,3.724120776,11.92992714,-7.131572247,-11.93170675,1,1,1
67341,FF,3,4.723430157,10.25108384,8.036892494,3.593675296,7.2515589,5.74284337,19.84525834,-7.661098162,15.74046124,-1,-1,1
67341,FO,3,14.23713774,14.90273586,14.50914613,16.34803931,12.77330016,15.50467224,8.354811086,15.62242073,13.42106936,-1,1,-1
67341,OF,3,13.01646715,3.076803353,-2.833811045,29.88053417,2.080788917,0.783919142,-3.144275188,24.24758074,27.24639712,1,-1,-1
67341,OO,3,-7.749891122,2.633851197,-10.77176897,13.24459807,11.51451364,7.500838723,0.693814649,19.54031425,7.891022046,1,1,1
69351,FF,3,23.20594973,-12.41513431,13.01429111,18.71204837,-11.53312429,-14.71251253,-11.80013736,13.76969017,14.62405362,-1,-1,1
69351,FO,3,29.83989784,-0.45603168,8.319780336,10.43775384,6.504535887,4.558680203,-0.473534743,13.72687655,17.97232277,-1,1,-1
69351,OF,3,11.31942172,14.21729783,4.858617769,13.71455781,-4.519842572,-2.873966866,-1.088291751,37.71970624,14.18845207,1,-1,-1
69351,OO,3,6.589787748,2.050466895,4.576883939,4.154915015,2.090521071,1.348310139,2.264588409,4.814931843,8.448840764,1,1,1
70350,FF,3,12.36242104,47.59744856,-42.86540476,64.35913584,66.87613254,44.95238235,62.77038002,81.41296567,-13.75502141,-1,-1,1
70350,FO,3,6.398241043,-16.25078328,106.8405414,57.65930165,-18.08077494,-21.44096899,45.60004616,74.47158231,83.46592246,-1,1,-1
70350,OF,3,138.2331715,15.47484928,30.73655107,88.24665843,81.10311805,10.24922175,-7.830329259,89.84625933,15.35570738,1,-1,-1
70350,OO,3,26.78093783,58.02389611,16.88617706,50.38587157,42.93630473,56.89755498,103.5570939,33.39299997,23.50102615,1,1,1
71361,FF,3,-0.633412679,6.97067372,30.66985771,-1.463854154,3.40943612,160.4742034,8.647665342,9.772610611,3.611904105,-1,-1,1
71361,FO,3,13.58008724,-1.132220851,29.17054436,9.349095874,-19.05600802,31.17762661,-16.07740879,2.997708586,8.995641907,-1,1,-1
71361,OF,3,2.002871407,-0.294173823,4.938131491,5.129082574,-34.83076032,-39.87698142,17.06087123,-2.834760189,1.451199412,1,-1,-1
71361,OO,3,2.358588113,3.259485616,31.21523089,-18.39490477,-15.63762326,37.1641531,-12.52900283,0.743452337,16.93137721,1,1,1
72360,FF,3,-5.44994688,5.009095311,5.77804131,-18.64283387,-9.389238675,-8.36552461,-6.023189942,-13.69181291,-13.04972378,-1,-1,1
72360,FO,3,31.71762196,-2.820051789,5.426464823,0.957998223,0.356070942,3.760691007,0.717273315,-3.735546245,-2.968707561,-1,1,-1
72360,OF,3,14.19750611,7.248098175,8.720759816,-16.74269311,-17.98914814,-14.94303481,9.467535045,-22.35067121,-24.61322196,1,-1,-1
72360,OO,3,39.88680601,17.90385393,26.79959986,33.82287285,28.61574862,25.29920101,20.30139359,27.37498016,26.8076539,1,1,1
74371,FF,3,-11.07734338,20.56619559,-8.566328049,-7.191143513,-0.969744126,11.50140797,4.710381296,0.288022041,-3.499171019,-1,-1,1
74371,FO,3,2.815085597,-15.84692701,6.601564301,3.290237904,-0.938539637,19.11189744,-2.602493498,18.99215243,21.21501915,-1,1,-1
74371,OF,3,5.744137367,-11.62527529,9.869728618,-3.02680254,-8.57538867,11.24370037,10.20639939,-9.125941277,-2.791449626,1,-1,-1
74371,OO,3,-7.462826808,-8.483723958,6.551694128,-1.771105607,0.238784658,19.57767897,4.141383807,2.704332034,13.73390969,1,1,1
75380,FF,3,-5.938199679,-8.610569636,10.06194835,15.30698339,12.09132451,11.10301264,-15.65162317,25.03135766,15.63879792,-1,-1,1
75380,FO,3,28.60457812,30.17343966,16.2666787,28.18500638,19.38640655,29.23377633,13.17223006,30.46528456,32.08749692,-1,1,-1
75380,OF,3,19.95847522,-0.569531759,16.21955405,20.17112088,2.563332902,-11.63258545,-19.25102115,26.89870156,25.92218447,1,-1,-1
75380,OO,3,4.757501496,-1.680620511,10.0522639,2.224804163,8.730068869,5.632946571,7.763672166,4.265752792,5.39174064,1,1,1
76381,FF,3,-1.473984877,57.45101425,4.501795928,18.25319947,36.71405734,34.8131683,40.21297442,17.51228836,14.81158977,-1,-1,1
76381,FO,3,-28.64111694,66.53077692,24.30217335,18.79033046,43.70085075,23.33898363,56.83643354,19.43388489,-6.733833949,-1,1,-1
76381,OF,3,86.77377685,29.95830796,78.94967805,57.29041396,5.14526701,16.12825612,62.09938317,25.55851105,44.42765914,1,-1,-1
76381,OO,3,1.61048015,-48.72718032,34.55453592,15.54809464,19.33873818,-24.72815613,11.18141161,17.48794423,2.142559687,1,1,1
77391,FF,3,217.7364534,50.49134064,22.13203579,218.1403055,102.1325972,444.3567778,14.73470667,260.9226011,204.8522383,-1,-1,1
77391,FO,3,-359.5516974,-337.8436508,-411.4528917,-544.9559596,-966.7776527,-1526.999066,-348.9708296,-812.2807566,-427.1776708,-1,1,-1
77391,OF,3,60.35487133,-14.12321726,-49.07365015,-85.22915194,-232.1584006,-439.0805848,-49.57107947,-174.7317937,-18.21319665,1,-1,-1
77391,OO,3,-294.6816616,-366.2788569,-346.531861,-460.5103076,-851.2574094,-1602.664403,-347.1319904,-716.4095039,-355.359321,1,1,1
78390,FF,3,51.16855706,14.44427684,17.80411418,19.34966686,38.70634958,20.66488475,-9.532170375,33.25897519,39.2717051,-1,-1,1
78390,FO,3,-25.67302132,-4.506189247,-7.972802639,7.781808482,-6.712309202,25.60589173,-3.1982855,24.99563042,-13.43265883,-1,1,-1
78390,OF,3,-18.54379018,30.52313801,47.96484709,31.98219527,31.78638829,4.383058998,-2.871371614,-19.37959178,-20.9570907,1,-1,-1
78390,OO,3,-16.45443281,13.06593898,5.225110849,1.746229331,-1.413432757,-1.186730623,0.677324216,-4.031964779,-13.0749712,1,1,1
79400,FF,3,96.68616867,-40.92670918,42.58880668,49.23780314,47.17380842,-16.94401773,-18.34658066,-20.08834712,-32.65714582,-1,-1,1
79400,FO,3,-5.89703242,-8.450250944,65.53967995,0.568197886,4.879440943,9.217827797,8.465502792,-5.731946309,-8.014387131,-1,1,-1
79400,OF,3,47.65047582,64.3657554,43.33357292,56.94680786,52.96923892,32.84938526,-21.70117776,62.39154222,63.17438571,1,-1,-1
79400,OO,3,18.32726669,29.5759147,22.38096926,7.391479492,52.50182406,11.51942285,8.497169336,9.752333747,13.2505881,1,1,1
80401,FF,3,-23.1260039,3.994857894,-46.36064164,15.18586691,-23.93638961,-15.26809331,-12.28726614,26.70733791,56.07296901,-1,-1,1
80401,FO,3,17.53798209,22.40503576,22.46223423,10.4056232,26.22378551,22.78416691,14.64863575,-6.75618426,5.13448143,-1,1,-1
80401,OF,3,3.26109102,3.076533106,6.713655843,5.342656056,-5.494089021,37.34219621,4.381475965,8.007062488,8.452383465,1,-1,-1
80401,OO,3,44.60811954,-5.548572222,1.486495177,56.92315205,46.31027974,26.64946486,19.33120716,21.3534281,18.35142369,1,1,1
81410,FF,3,47.99697781,65.5164085,73.13812033,78.73371124,69.27363483,28.58658512,9.319628716,87.8442297,51.61999734,-1,-1,1
81410,FO,3,21.69042513,-13.72989337,61.43766054,-17.75454966,-12.64228543,77.76429523,57.52550772,53.71921698,-20.3678592,-1,1,-1
81410,OF,3,97.01246081,114.8228452,102.6951265,91.44497681,92.7977061,107.0076526,89.86077362,76.28996881,74.52396912,1,-1,-1
81410,OO,3,86.24582111,141.1899408,111.9386263,130.1818161,119.2204559,65.1768878,59.772471,75.29316298,69.46792486,1,1,1
82411,FF,3,76.53241067,9.828471131,42.1144602,47.69160864,51.12864282,0.239153862,-11.01614205,116.6256479,87.14870114,-1,-1,1
82411,FO,3,1.609519482,21.0391416,20.54746225,-11.51426379,25.66631465,-1.323031425,-14.45608409,-0.423359553,6.312398275,-1,1,-1
82411,OF,3,44.95297649,31.08653741,47.16587978,86.85513751,44.87306107,35.71861553,19.66342306,72.73641226,90.60928769,1,-1,-1
82411,OO,3,-3.595314503,1.683351676,-9.220622381,-14.88960203,-15.03700574,57.9670229,28.05532598,24.47162904,-17.11458333,1,1,1
83420,FF,3,4.211296082,-11.40697193,7.050549825,12.78848871,-12.87730535,-25.78438425,-15.94851931,-18.87095245,-18.78850079,-1,-1,1
83420,FO,3,25.35720571,2.908258332,8.829986996,25.16576672,22.32909181,14.39059517,7.47552069,121.3563533,55.58741156,-1,1,-1
83420,OF,3,-115.7811788,-0.679175377,-33.4555397,23.73124599,72.57269753,32.00837331,-1.195288579,107.0577286,117.9851643,1,-1,-1
83420,OO,3,-76.38499451,-11.31903108,-28.02517192,-17.73420366,0.834682465,3.82141765,-6.082286755,46.35369507,39.44445515,1,1,1
85431,FF,3,-2.814622641,-3.680383404,-1.684408877,1.759684695,7.751780854,3.210144467,-6.586217218,-1.234869798,-15.42830125,-1,-1,1
85431,FO,3,58.46005988,19.21348727,20.39043866,27.2323019,9.799346632,13.85064422,19.61354004,68.82877366,60.8257028,-1,1,-1
85431,OF,3,-26.25040237,-26.62316636,-40.96361685,-38.33739368,-38.4446226,-30.05130132,-19.10585173,-40.97875547,-33.11944366,1,-1,-1
85431,OO,3,13.86623152,-15.82121638,-7.147553921,0.091105594,1.525236792,-8.359512965,-15.02308202,-4.979446464,5.000060903,1,1,1
86430,FF,3,-24.1054306,-2.466968854,-13.49768209,-13.78171643,-8.23447156,-6.223792394,-2.545913219,-24.87734795,-28.5192457,-1,-1,1
86430,FO,3,24.00972684,17.15924909,27.17561695,21.83266913,13.43774215,14.22149934,10.64386299,34.27141041,30.65103481,-1,1,-1
86430,OF,3,-39.54522387,-27.61649481,-41.17506742,-37.00837334,-29.81571794,-28.58355204,-19.53178294,-46.84147835,-46.69666823,1,-1,-1
86430,OO,3,-1.647664388,-11.88579464,-8.997427146,-12.38530103,-15.39843074,-13.40687943,-10.9187808,-11.49261157,-1.211979416,1,1,1
87441,FF,3,57.39936935,-53.49465561,34.65811051,32.51548269,31.98221281,24.9856943,31.20261502,58.75673193,17.10990047,-1,-1,1
87441,FO,3,9.619055642,104.40711,54.04006555,50.73223739,10.30966896,10.71673017,-19.50595752,64.33357265,69.25969283,-1,1,-1
87441,OF,3,39.39154455,46.5883734,45.48069657,42.32746771,45.65310362,64.43360451,26.40766263,37.60466486,31.80626074,1,-1,-1
87441,OO,3,21.22007434,26.21365823,39.05033514,35.16591019,27.87631427,31.88504479,14.18390266,32.4415751,82.69283644,1,1,1
88440,FF,3,30.71930981,80.23874299,42.10353692,-48.52706019,23.11668168,26.17290078,95.80542384,21.45087232,25.06526947,-1,-1,1
88440,FO,3,59.0779295,-76.85280021,72.92201328,-14.02097448,2.047470358,-31.45955197,-34.26914374,-11.08078861,53.96629588,-1,1,-1
88440,OF,3,79.95946471,114.8878849,108.8895915,89.06868786,86.65124994,76.20627631,75.21231471,82.48091835,81.57483927,1,-1,-1
88440,OO,3,-34.91144339,-53.04556068,80.22556464,-38.87922287,-39.06289848,-22.81615814,-26.57523123,-21.38280964,-25.31737773,1,1,1
89451,FF,3,-29.03369141,41.1389619,12.70629578,-26.06717348,11.51012897,-26.22151041,-6.636889034,-27.08785423,12.32564312,-1,-1,1
89451,FO,3,-5.466995875,74.1141954,-29.09331536,-11.29294825,-7.143868446,-9.212257862,-4.164459123,15.57860761,7.075428221,-1,1,-1
89451,OF,3,28.38941256,-50.16750177,43.11842142,37.7191969,18.58535862,10.20802885,-42.92556095,20.48854134,25.32609198,1,-1,-1
89451,OO,3,-8.263402303,-2.292061806,5.65483488,6.286817604,7.227691332,4.17311928,-1.941711108,42.9316819,35.55323897,1,1,1
90450,FF,3,11.14905675,-1.747460365,17.39404917,15.06505934,12.86032089,13.10033147,2.62181433,11.63378493,4.42829291,-1,-1,1
90450,FO,3,42.51145554,30.7693012,27.7412982,102.9201657,86.70996777,15.76467636,16.99929669,82.18762769,112.7102766,-1,1,-1
90450,OF,3,10.36830521,1.092040062,2.00613006,13.58358097,11.2694904,6.569145044,-2.889723857,39.90845437,19.23792426,1,-1,-1
90450,OO,3,102.8784676,99.36806859,96.88340044,95.51383432,89.30540133,79.5466894,63.29836668,82.75255892,104.8226932,1,1,1
91461,FF,3,8.644612153,22.13178836,0.314058463,-2.063617521,-2.672958851,-92.19414266,-13.81413523,-9.502688328,0.179748747,-1,-1,1
91461,FO,3,-88.12313859,43.1986422,-54.56018146,-104.009019,-103.8833566,-46.18159739,89.1348665,-109.8883061,-110.5574055,-1,1,-1
91461,OF,3,-8.08086888,44.5444799,-18.47089434,-1.585878187,25.4993844,48.15840827,196.9948078,23.85158006,-4.537261751,1,-1,-1
91461,OO,3,-60.08624283,20.33035225,-40.01549419,-79.50443467,-118.45317,-127.9839808,145.5378053,-90.36861491,-70.96849505,1,1,1
92460,FF,3,1.969502979,2.74764453,1.30759369,-0.316580269,-1.11430947,11.63445033,-2.547332327,-2.716090918,0.655291557,-1,-1,1
92460,FO,3,-12.06945165,-3.652799288,-20.33369946,-14.432211,-12.04696576,-2.425496896,1.145522369,-10.19263736,-14.23980141,-1,1,-1
92460,OF,3,6.414032194,1.275801129,14.63381675,8.967335251,6.750032266,3.228365209,2.020414922,3.413164059,8.414895693,1,-1,-1
92460,OO,3,-2.831882477,6.432295269,-10.07665817,-6.448885043,-5.189566135,2.207706081,7.377077036,-3.529370864,-4.319672902,1,1,1
93471,FF,3,20.04486108,12.72039749,20.21399021,19.52272105,15.7144407,9.076384058,9.133032388,14.61136362,15.99412366,-1,-1,1
93471,FO,3,-14.33651519,-8.950552205,-16.35770067,-18.42719293,-13.75332622,-5.494679262,-4.068343838,-17.05167532,-27.97395949,-1,1,-1
93471,OF,3,-35.00214299,-11.01528484,-26.06974316,-32.77849253,-25.50705047,-12.7394097,3.046319101,-24.7345438,-30.62364121,1,-1,-1
93471,OO,3,-18.85595044,-5.875546674,-7.896950086,-13.90252264,-6.739712199,-4.380199879,-2.433555166,-17.32642953,-19.69945832,1,1,1
94470,FF,3,6.721023613,115.5916195,-36.37476269,-13.43272173,-18.19865863,42.0794544,-13.34593884,-4.917304595,10.67485627,-1,-1,1
94470,FO,3,-62.56704632,2.390806198,-1.668424765,-31.62041374,-17.10794353,4.052515003,-39.07767121,-34.01265136,-38.79888717,-1,1,-1
94470,OF,3,-13.49056684,10.8797245,41.72965892,39.6431358,-3.439655304,10.00474482,-4.563751698,0.398037195,-0.455356677,1,-1,-1
94470,OO,3,-8.356106281,-43.31175168,41.61100117,16.54186666,12.6387434,-21.89725757,-48.80162255,-1.450170437,-10.7465686,1,1,1
95481,FF,3,49.33666362,3.590197722,6.600151751,8.815739155,-32.28704993,-25.73219887,-74.24755128,-18.94368331,2.207977189,-1,-1,1
95481,FO,3,28.21321991,28.38414335,20.71540901,8.297572295,0.505936411,-0.250678645,-10.18341838,7.035199589,7.545327399,-1,1,-1
95481,OF,3,26.95522176,15.62261756,6.248202801,16.50769472,14.51126681,13.5992073,2.069569588,36.33725092,7.062742763,1,-1,-1
95481,OO,3,18.56402201,24.93034029,33.41087919,24.72062858,14.01137871,7.159484069,42.85067357,27.11842993,18.68021001,1,1,1
96480,FF,3,58.64635695,23.09788708,55.92342687,12.69559415,41.26042795,26.39874276,13.5005013,40.17534346,20.36921586,-1,-1,1
96480,FO,3,-3.364029937,29.58861546,0.045073907,-6.599711736,3.614368916,2.645510117,4.383940736,2.684118748,39.61823675,-1,1,-1
96480,OF,3,60.11717198,23.27959828,5.277271509,5.968804042,10.91095241,4.537764152,5.500775986,6.537214014,25.88598018,1,-1,-1
96480,OO,3,-0.176920308,0.445036451,14.06065392,21.45393817,15.42821773,8.605467399,2.001308163,21.12918128,17.56892543,1,1,1
97490,FF,3,-8.244931777,1.82516702,14.85591711,1.879820744,1.744266219,4.335389296,1.710192204,-6.35802261,-9.998634497,-1,-1,1
97490,FO,3,-29.71488945,-6.21966966,5.868654384,-21.8199273,-15.01600035,-3.890732924,-4.914010843,-11.16114513,-13.75671593,-1,1,-1
97490,OF,3,8.187134345,-7.287071546,35.83088035,4.907996787,-0.528077682,-9.472726663,-0.991184711,1.663066943,13.13255538,1,-1,-1
97490,OO,3,1.843943199,4.868920326,29.67531572,-2.083415694,-5.967699024,-2.3977561,-2.365700563,-0.214096467,-0.608351654,1,1,1
98491,FF,3,0.335858027,-5.953542908,0.906503121,9.719857534,5.295106384,-1.345608751,-1.712860743,3.588054551,5.090355343,-1,-1,1
98491,FO,3,-13.58511353,13.29565852,-2.641093493,-25.20724106,-23.31564991,-7.412245154,6.194951057,-24.24069754,-23.57923762,-1,1,-1
98491,OF,3,-10.55468686,-2.306382404,-12.55764922,-4.141038259,-3.759028938,-3.742971063,-0.439437071,-3.452787505,-3.335553063,1,-1,-1
98491,OO,3,-17.75689443,-11.61671452,-24.92787401,-17.67590205,-16.46103883,-4.197926243,-9.461580118,-30.04886595,-31.32463455,1,1,1
99500,FF,3,2.61321685,34.35123886,23.95846732,28.31885931,-7.426279704,-24.67034578,17.07217919,11.89624124,6.143583616,-1,-1,1
99500,FO,3,-5.793997367,18.65077403,34.77903573,15.66305394,13.51217948,10.92284155,28.25604754,25.49196651,4.259569486,-1,1,-1
99500,OF,3,20.45426604,14.85621836,16.8763121,16.5780078,-4.478619893,10.96041409,28.59895958,-10.5398434,-9.214399656,1,-1,-1
99500,OO,3,-1.500700182,19.17685003,13.33343554,28.14535544,43.34784783,35.65944624,19.54324534,1.23449564,-10.53920142,1,1,1